name,datetime,tempmax,tempmin,temp,feelslikemax,feelslikemin,feelslike,dew,humidity,precip,precipprob,precipcover,preciptype,snow,snowdepth,windgust,windspeed,winddir,sealevelpressure,cloudcover,visibility,solarradiation,solarenergy,uvindex,severerisk,sunrise,sunset,moonphase,conditions,description,icon,stations
los angeles,2006-01-01,59.1,53,56.4,59.1,53,56.4,52.8,88.2,0.381,100,45.83,rain,0,0,,9.9,99,1015.2,92.4,5.9,,,,,2006-01-01T06:58:45,2006-01-01T16:54:43,0.06,"Rain, Overcast",Cloudy skies throughout the day with rain.,rain,"72288593197,72295023174,72295603167,72288623130,72288023152,72287493134"
los angeles,2006-01-02,60.8,53.5,57.3,60.8,53.5,57.3,53.3,86.8,1.452,100,83.33,rain,0,0,41.4,13.2,172.2,1013.5,89.6,6.7,,,,,2006-01-02T06:58:55,2006-01-02T16:55:29,0.09,"Rain, Partially cloudy",Partly cloudy throughout the day with a chance of rain throughout the day.,rain,"72288593197,72295023174,72295603167,72288623130,72288023152,72287493134"
los angeles,2006-01-03,60.7,47.9,53.9,60.7,47.9,53.9,47.2,78.9,0,0,0,,0,0,,8.3,256.1,1023.6,23.3,9.7,,,,,2006-01-03T06:59:04,2006-01-03T16:56:16,0.13,Partially cloudy,Partly cloudy throughout the day.,partly-cloudy-day,"72288593197,72295023174,72295603167,72288623130,72288023152,72287493134"
los angeles,2006-01-04,74.9,47.7,60.3,74.9,47.7,60.3,41.1,54.9,0.001,100,4.17,rain,0,0,31.1,4.7,349.8,1024.4,5.6,9.9,,,,,2006-01-04T06:59:11,2006-01-04T16:57:04,0.16,Rain,Clear conditions throughout the day with morning rain.,rain,"72288593197,72295023174,72295603167,72288623130,72288023152,72287493134"
los angeles,2006-01-05,81.9,54.1,67.4,79.7,54.1,67.1,37.8,36.1,0,0,0,,0,0,33.3,5.8,0.8,1023.3,4.7,9.9,,,,,2006-01-05T06:59:16,2006-01-05T16:57:53,0.2,Clear,Clear conditions throughout the day.,clear-day,"72288593197,72295023174,72295603167,72288623130,72288023152,72287493134"
los angeles,2006-01-06,84.2,57.6,68.8,81.3,57.6,68.2,33.5,29.5,0,0,0,,0,0,,6.2,356,1017.4,3.2,9.9,,,,,2006-01-06T06:59:19,2006-01-06T16:58:43,0.25,Clear,Clear conditions throughout the day.,clear-day,"72288593197,72295023174,72295603167,72288623130,72288023152,72287493134"
los angeles,2006-01-07,70,51.5,60.4,70,51.5,60.4,40.4,49,0,0,0,,0,0,31.1,6,297.9,1016.2,2.3,9.9,,,,,2006-01-07T06:59:21,2006-01-07T16:59:34,0.27,Clear,Clear conditions throughout the day.,clear-day,"72288593197,72295023174,72295603167,72288623130,72288023152,72287493134"
los angeles,2006-01-08,66.8,47.2,57.4,66.8,47.2,57.4,45.4,65.8,0,0,0,,0,0,34.4,5.8,42.7,1017.4,1.8,8.4,,,,,2006-01-08T06:59:20,2006-01-08T17:00:25,0.3,Clear,Clear conditions throughout the day.,clear-day,"72288593197,72295023174,72295603167,72288623130,72288023152,72287493134"
los angeles,2006-01-09,76,48.5,61.8,76,48.5,61.8,34.4,42.8,0.002,100,4.17,rain,0,0,,5.8,29.4,1020.5,0.8,9.2,,,,,2006-01-09T06:59:18,2006-01-09T17:01:18,0.34,Rain,Clear conditions throughout the day with early morning rain.,rain,"72288593197,72295023174,72295603167,72288623130,72288023152,72287493134"
los angeles,2006-01-10,72.9,52.3,60.4,72.9,52.3,60.4,30.2,35.6,0,0,0,,0,0,,5.6,336.1,1020,0.7,9.9,,,,,2006-01-10T06:59:14,2006-01-10T17:02:12,0.37,Clear,Clear conditions throughout the day.,clear-day,"72288593197,72295023174,72295603167,72288623130,72288023152,72287493134"
los angeles,2006-01-11,67.1,46.4,56.4,67.1,46.4,56.4,38.6,52.9,0,0,0,,0,0,,6.5,201.9,1017,5,9.5,,,,,2006-01-11T06:59:08,2006-01-11T17:03:06,0.41,Clear,Clear conditions throughout the day.,clear-day,"72288593197,72295023174,72295603167,72288623130,72288023152,72287493134"
los angeles,2006-01-12,67.8,47.6,56.5,67.8,47.6,56.5,47.5,73.9,0,0,0,,0,0,,4.8,197.5,1016.3,4.4,5.4,,,,,2006-01-12T06:59:00,2006-01-12T17:04:00,0.44,Clear,Clear conditions throughout the day.,clear-day,"72288593197,72295023174,72295603167,72288623130,72288023152,72287493134"
los angeles,2006-01-13,69.4,47.7,57.3,69.4,47.7,57.3,46.2,69.2,0.002,100,8.33,rain,0,0,,7.3,199.9,1016.9,16.2,6.2,,,,,2006-01-13T06:58:50,2006-01-13T17:04:56,0.48,Rain,Clear conditions throughout the day with early morning rain.,rain,"72288593197,72295023174,72295603167,72288623130,72288023152,72287493134"
los angeles,2006-01-14,56.8,50.5,54.8,56.8,50.5,54.8,49.6,82.9,0.037,100,25,rain,0,0,,5.3,205.2,1017.4,63.4,7.5,,,,,2006-01-14T06:58:39,2006-01-14T17:05:52,0.5,"Rain, Partially cloudy",Partly cloudy throughout the day with rain.,rain,"72288593197,72295023174,72295603167,72288623130,72288023152,72287493134"
los angeles,2006-01-15,59.7,43.7,52.1,59.7,43.7,52.1,34.3,56.1,0.008,100,8.33,rain,0,0,34.4,12.1,316.3,1021,7.9,9.9,,,,,2006-01-15T06:58:25,2006-01-15T17:06:48,0.55,Rain,Clear conditions throughout the day with rain clearing later.,rain,"72288593197,72295023174,72295603167,72288623130,72288023152,72287493134"
los angeles,2006-01-16,64.7,48.3,55,64.7,46,54.8,27.7,36.9,0,0,0,,0,0,33.7,12.3,323.7,1025.6,3.9,9.9,,,,,2006-01-16T06:58:10,2006-01-16T17:07:45,0.58,Clear,Clear conditions throughout the day.,clear-day,"72288593197,72295023174,72295603167,72288623130,72288023152,72287493134"
los angeles,2006-01-17,67.2,46.8,56.1,67.2,46.8,56,32.4,43.2,0,0,0,,0,0,,6.9,259.7,1025.2,6.6,9.9,,,,,2006-01-17T06:57:53,2006-01-17T17:08:43,0.61,Clear,Clear conditions throughout the day.,clear-day,"72288593197,72295023174,72295603167,72288623130,72288023152,72287493134"
los angeles,2006-01-18,59.9,46.5,53.8,59.9,46.5,53.8,45.8,74.7,0,0,0,,0,0,,7.2,226.1,1020.9,33.8,9.5,,,,,2006-01-18T06:57:34,2006-01-18T17:09:41,0.65,Partially cloudy,Partly cloudy throughout the day.,partly-cloudy-day,"72288593197,72295023174,72295603167,72288623130,72288023152,72287493134"
los angeles,2006-01-19,61.9,49.1,55.2,61.9,49.1,55.2,33.7,46.9,0,0,0,,0,0,30.3,10.7,320.9,1019.1,7.8,9.7,,,,,2006-01-19T06:57:13,2006-01-19T17:10:39,0.68,Clear,Clear conditions throughout the day.,clear-day,"72288593197,72295023174,72295603167,72288623130,72288023152,72287493134"
los angeles,2006-01-20,65.5,41.5,53.1,65.5,41.5,53,28.1,41,0,0,0,,0,0,,8.7,289.8,1021.5,0.6,9.9,,,,,2006-01-20T06:56:51,2006-01-20T17:11:37,0.71,Clear,Clear conditions throughout the day.,clear-day,"72288593197,72295023174,72295603167,72288623130,72288023152,72287493134"
los angeles,2006-01-21,67.8,43.2,55.1,67.8,43.2,55,25.5,33.6,0,0,0,,0,0,31.1,6.4,339.1,1019.4,1.2,9.9,,,,,2006-01-21T06:56:26,2006-01-21T17:12:36,0.74,Clear,Clear conditions throughout the day.,clear-day,"72288593197,72295023174,72295603167,72288623130,72288023152,72287493134"
los angeles,2006-01-22,69.7,45.7,58.3,69.7,45.3,58.3,22.4,27.6,0,0,0,,0,0,47.2,9.4,20,1018.8,1.3,9.9,,,,,2006-01-22T06:56:00,2006-01-22T17:13:35,0.75,Clear,Clear conditions throughout the day.,clear-day,"72288593197,72295023174,72295603167,72288623130,72288023152,72287493134"
los angeles,2006-01-23,73.4,52.4,63.4,73.4,52.4,63.4,10.9,14,0,0,0,,0,0,46.2,10.7,30.6,1017.4,0.1,9.9,,,,,2006-01-23T06:55:32,2006-01-23T17:14:35,0.81,Clear,Clear conditions throughout the day.,clear-day,"72288593197,72295023174,72295603167,72288623130,72288023152,72287493134"
los angeles,2006-01-24,75,50.5,60.3,75,50.5,60.3,29.1,36.5,0,0,0,,0,0,42.5,8.5,25,1015,2.5,9.9,,,,,2006-01-24T06:55:03,2006-01-24T17:15:34,0.84,Clear,Clear conditions throughout the day.,clear-day,"72288593197,72295023174,72295603167,72288623130,72288023152,72287493134"
los angeles,2006-01-25,61.6,51.4,56.2,61.6,51.4,56.2,44.8,66.3,0,0,0,,0,0,,6.4,145.3,1019.6,51.3,9.9,,,,,2006-01-25T06:54:31,2006-01-25T17:16:33,0.88,Partially cloudy,Partly cloudy throughout the day.,partly-cloudy-day,"72288593197,72295023174,72295603167,72288623130,72288023152,72287493134"
los angeles,2006-01-26,62.1,51.5,55.5,62.1,51.5,55.5,45.9,70.9,0,0,0,,0,0,,9.1,211.9,1022.1,38,9.2,,,,,2006-01-26T06:53:58,2006-01-26T17:17:33,0.91,Partially cloudy,Partly cloudy throughout the day.,partly-cloudy-day,"72288593197,72295023174,72295603167,72288623130,72288023152,72287493134"
los angeles,2006-01-27,64.8,47.1,55.8,64.8,47.1,55.8,38.8,58.3,0,0,0,,0,0,34,11.2,289.6,1022,11.5,8.9,,,,,2006-01-27T06:53:24,2006-01-27T17:18:33,0.94,Clear,Clear conditions throughout the day.,clear-day,"72288593197,72295023174,72295603167,72288623130,72288023152,72287493134"
los angeles,2006-01-28,62.6,49.6,55.2,62.6,49.6,55.2,44.4,67.7,0,0,0,,0,0,,8.2,232.7,1023.6,13.5,8.9,,,,,2006-01-28T06:52:47,2006-01-28T17:19:32,0.97,Clear,Clear conditions throughout the day.,clear-day,"72288593197,72295023174,72295603167,72288623130,72288023152,72287493134"
los angeles,2006-01-29,63.5,48.6,54.6,63.5,48.6,54.6,46.9,76.6,0.001,100,4.17,rain,0,0,,7.6,199.3,1021.9,15.1,5.1,,,,,2006-01-29T06:52:10,2006-01-29T17:20:32,0,Rain,Clear conditions throughout the day with morning rain.,rain,"72288593197,72295023174,72295603167,72288623130,72288023152,72287493134"
los angeles,2006-01-30,62,47,54.2,62,47,54.2,47.1,77.3,0,0,0,,0,0,,8.1,217.4,1019.2,24.6,5.7,,,,,2006-01-30T06:51:30,2006-01-30T17:21:32,0.04,Partially cloudy,Partly cloudy throughout the day.,partly-cloudy-day,"72288593197,72295023174,72295603167,72288623130,72288023152,72287493134"
los angeles,2006-01-31,62.6,52.4,57.3,62.6,52.4,57.3,46.8,68.8,0,0,0,,0,0,,7.6,237.3,1017.3,34.3,7,,,,,2006-01-31T06:50:49,2006-01-31T17:22:31,0.08,Partially cloudy,Partly cloudy throughout the day.,partly-cloudy-day,"72288593197,72295023174,72295603167,72288623130,72288023152,72287493134"
los angeles,2006-02-01,66.2,50,56.6,66.2,50,56.6,46,68.6,0,0,0,,0,0,30,6.2,206.3,1017.7,5,8.7,,,,,2006-02-01T06:50:06,2006-02-01T17:23:31,0.11,Clear,Clear conditions throughout the day.,clear-day,"72288593197,72295023174,72295603167,72288623130,72288023152,72287493134"
los angeles,2006-02-02,66.4,49.2,57.2,66.4,49.2,57.2,49.4,76.2,0,0,0,,0,0,31.1,4.5,289.1,1015.9,6.6,7.1,,,,,2006-02-02T06:49:22,2006-02-02T17:24:30,0.15,Clear,Clear conditions throughout the day.,clear-day,"72288593197,72295023174,72295603167,72288623130,72288023152,72287493134"
los angeles,2006-02-03,71.8,50.5,58.6,71.8,50.5,58.6,51.2,78.4,0.003,100,12.5,rain,0,0,,5.8,224.2,1016.4,23.8,4.2,,,,,2006-02-03T06:48:36,2006-02-03T17:25:29,0.18,"Rain, Partially cloudy",Partly cloudy throughout the day with rain clearing later.,rain,"72288593197,72295023174,72295603167,72288623130,72288023152,72287493134"
los angeles,2006-02-04,64.9,53.8,57.1,64.9,53.8,57.1,51,80.7,0,0,0,,0,0,,4.6,261.5,1016.5,52.1,2.7,,,,,2006-02-04T06:47:49,2006-02-04T17:26:28,0.25,Partially cloudy,Clearing in the afternoon.,partly-cloudy-day,"72288593197,72295023174,72295603167,72288623130,72288023152,72287493134"
los angeles,2006-02-05,80,53.4,63.7,80,53.4,63.7,46.3,58.6,0,0,0,,0,0,,4.1,3.2,1013.8,7.6,6.5,,,,,2006-02-05T06:47:00,2006-02-05T17:27:27,0.25,Clear,Clear conditions throughout the day.,clear-day,"72288593197,72295023174,72295603167,72288623130,72288023152,72287493134"
los angeles,2006-02-06,78.9,50.3,63.4,78.9,50.3,63.4,32.4,40.2,0.001,100,4.17,rain,0,0,,4.5,353.7,1019.2,5.6,8.7,,,,,2006-02-06T06:46:10,2006-02-06T17:28:25,0.28,Rain,Clear conditions throughout the day with morning rain.,rain,"72288593197,72295023174,72295603167,72288623130,72288023152,72287493134"
los angeles,2006-02-07,80.9,56.1,66.3,79.8,56.1,66.1,23.4,21.4,0,0,0,,0,0,,5.5,317.7,1017.9,6.4,9.9,,,,,2006-02-07T06:45:19,2006-02-07T17:29:24,0.32,Clear,Clear conditions throughout the day.,clear-day,"72288593197,72295023174,72295603167,72288623130,72288023152,72287493134"
los angeles,2006-02-08,82.9,50.6,65,80.2,50.6,64.6,26.5,25.6,0,0,0,,0,0,,1.9,5.5,1015.1,4.3,9.7,,,,,2006-02-08T06:44:26,2006-02-08T17:30:22,0.35,Clear,Clear conditions throughout the day.,clear-day,"72288593197,72295023174,72295603167,72288623130,72288023152,72287493134"
los angeles,2006-02-09,83.8,51.3,64.4,80.9,51.3,64.1,34.7,38.7,0,0,0,,0,0,,6.6,283.2,1013.7,6.8,9.2,,,,,2006-02-09T06:43:32,2006-02-09T17:31:19,0.38,Clear,Clear conditions throughout the day.,clear-day,"72288593197,72295023174,72295603167,72288623130,72288023152,72287493134"
los angeles,2006-02-10,70.3,51.8,58.6,70.3,51.8,58.6,49.8,74.7,0,0,0,,0,0,,7.3,214,1020.4,40.3,3.9,,,,,2006-02-10T06:42:36,2006-02-10T17:32:17,0.42,Partially cloudy,Clearing in the afternoon.,partly-cloudy-day,"72288593197,72295023174,72295603167,72288623130,72288023152,72287493134"
los angeles,2006-02-11,71.1,52.8,59.5,71.1,52.8,59.5,50.5,74.1,0,0,0,,0,0,,5.2,256.9,1023.7,36.3,2.9,,,,,2006-02-11T06:41:40,2006-02-11T17:33:14,0.45,Partially cloudy,Clearing in the afternoon.,partly-cloudy-day,"72288593197,72295023174,72295603167,72288623130,72288023152,72287493134"
los angeles,2006-02-12,83.6,52,66.1,80.8,52,65.6,32.8,36.9,0,0,0,,0,0,,5.7,308.1,1021,3.1,8.9,,,,,2006-02-12T06:40:42,2006-02-12T17:34:11,0.5,Clear,Clear conditions throughout the day.,clear-day,"72288593197,72295023174,72295603167,72288623130,72288023152,72287493134"
los angeles,2006-02-13,83.8,57.2,67.9,81,57.2,67.5,26.7,22.7,0,0,0,,0,0,,5.3,302.6,1017.4,3.6,9.9,,,,,2006-02-13T06:39:43,2006-02-13T17:35:08,0.52,Clear,Clear conditions throughout the day.,clear-day,"72288593197,72295023174,72295603167,72288623130,72288023152,72287493134"
los angeles,2006-02-14,67.7,52,59,67.7,52,59,46.5,64.5,0,0,0,,0,0,,7.6,138.9,1013.1,35.1,7.3,,,,,2006-02-14T06:38:42,2006-02-14T17:36:04,0.56,Partially cloudy,Partly cloudy throughout the day.,partly-cloudy-day,"72288593197,72295023174,72295603167,72288623130,72288023152,72287493134"
los angeles,2006-02-15,60.3,53.6,57.3,60.3,53.6,57.3,41.6,57.6,0,0,0,,0,0,33.3,7.3,238,1014.7,53.1,9,,,,,2006-02-15T06:37:41,2006-02-15T17:37:00,0.59,Partially cloudy,Partly cloudy throughout the day.,partly-cloudy-day,"72288593197,72295023174,72295603167,72288623130,72288023152,72287493134"
los angeles,2006-02-16,59.9,46,53.3,59.9,46,53.3,30.7,42.2,0,0,0,,0,0,33.3,6.6,268.3,1017.7,21.8,9.9,,,,,2006-02-16T06:36:38,2006-02-16T17:37:56,0.62,Partially cloudy,Partly cloudy throughout the day.,partly-cloudy-day,"72288593197,72295023174,72295603167,72288623130,72288023152,72287493134"
los angeles,2006-02-17,59.5,44.2,51.4,59.5,44.2,51.4,37.9,61.7,0.176,100,20.83,rain,0,0,,8.4,208.3,1016.7,42.6,9.8,,,,,2006-02-17T06:35:34,2006-02-17T17:38:51,0.66,"Rain, Partially cloudy",Becoming cloudy in the afternoon with rain.,rain,"72288593197,72295023174,72295603167,72288623130,72288023152,72287493134"
los angeles,2006-02-18,56.7,43.1,49.8,56.7,43.1,49.7,39.4,69.9,0.038,100,45.83,rain,0,0,,6.2,252.7,1018.4,67.4,9.6,,,,,2006-02-18T06:34:30,2006-02-18T17:39:46,0.69,"Rain, Partially cloudy",Partly cloudy throughout the day with a chance of rain throughout the day.,rain,"72288593197,72295023174,72295603167,72288623130,72288023152,72287493134"
los angeles,2006-02-19,55.9,44.5,49.8,55.9,42.8,49.6,38.4,66.3,0.131,100,25,rain,0,0,,9.3,258.7,1020.2,43,9.6,,,,,2006-02-19T06:33:24,2006-02-19T17:40:40,0.72,"Rain, Partially cloudy",Clearing in the afternoon with rain clearing later.,rain,"72288593197,72295023174,72295603167,72288623130,72288023152,72287493134"
los angeles,2006-02-20,58.5,41.2,49.6,58.5,41.2,49.6,34.7,57.9,0,0,0,,0,0,,9.3,246.7,1021.4,13.5,9.9,,,,,2006-02-20T06:32:17,2006-02-20T17:41:34,0.75,Clear,Clear conditions throughout the day.,clear-day,"72288593197,72295023174,72295603167,72288623130,72288023152,72287493134"
los angeles,2006-02-21,64,43.4,53.6,64,43.4,53.5,29.9,44,0,0,0,,0,0,30,9.9,304.6,1019.2,17,9.9,,,,,2006-02-21T06:31:09,2006-02-21T17:42:28,0.79,Clear,Clear conditions throughout the day.,clear-day,"72288593197,72295023174,72295603167,72288623130,72288023152,72287493134"
los angeles,2006-02-22,65.2,43.3,54.5,65.2,43.3,54.4,30,41,0,0,0,,0,0,,7.5,219.7,1019.5,0,9.9,,,,,2006-02-22T06:30:01,2006-02-22T17:43:22,0.83,Clear,Clear conditions throughout the day.,clear-day,"72288593197,72295023174,72295603167,72288623130,72288023152,72287493134"
los angeles,2006-02-23,68.7,45.1,56.8,68.7,45.1,56.8,36.3,49.3,0,0,0,,0,0,,5.8,241.5,1017.9,1.2,9.8,,,,,2006-02-23T06:28:51,2006-02-23T17:44:15,0.86,Clear,Clear conditions throughout the day.,clear-day,"72288593197,72295023174,72295603167,72288623130,72288023152,72287493134"
los angeles,2006-02-24,65.4,46.5,55.9,65.4,46.5,55.9,45,69.1,0,0,0,,0,0,,7,227.9,1018.1,15.5,8,,,,,2006-02-24T06:27:41,2006-02-24T17:45:08,0.89,Clear,Clear conditions throughout the day.,clear-day,"72288593197,72295023174,72295603167,72288623130,72288023152,72287493134"
los angeles,2006-02-25,69.5,48.9,58.6,69.5,48.9,58.6,45.4,64,0,0,0,,0,0,,7.4,244.7,1020.1,33.5,4.6,,,,,2006-02-25T06:26:29,2006-02-25T17:46:00,0.93,Partially cloudy,Clearing in the afternoon.,partly-cloudy-day,"72288593197,72295023174,72295603167,72288623130,72288023152,72287493134"
los angeles,2006-02-26,73.7,54,62,73.7,54,62,38.4,46,0,0,0,,0,0,,7.5,247.8,1017.5,29.8,6.9,,,,,2006-02-26T06:25:17,2006-02-26T17:46:52,0.96,Partially cloudy,Becoming cloudy in the afternoon.,partly-cloudy-day,"72288593197,72295023174,72295603167,72288623130,72288023152,72287493134"
los angeles,2006-02-27,65.9,50.7,57.5,65.9,50.7,57.5,41.2,59.3,1.257,100,45.83,rain,0,0,,9.7,100.5,1017.2,98.6,5.6,,,,,2006-02-27T06:24:04,2006-02-27T17:47:44,0,"Rain, Overcast",Cloudy skies throughout the day with rain.,rain,"72288593197,72295023174,72295603167,72288623130,72288023152,72287493134"
los angeles,2006-02-28,64.5,53.3,58.4,64.5,53.3,58.4,51,77.5,0.695,100,37.5,rain,0,0,35.6,9.9,216.6,1018.5,58,7.8,,,,,2006-02-28T06:22:51,2006-02-28T17:48:35,0.03,"Rain, Partially cloudy",Partly cloudy throughout the day with a chance of rain throughout the day.,rain,"72288593197,72295023174,72295603167,72288623130,72288023152,72287493134"
los angeles,2006-03-01,65.1,47,55.2,65.1,47,55.2,44.1,67.4,0,0,0,,0,0,,9.8,238.8,1019.3,5.1,9.7,,,,,2006-03-01T06:21:36,2006-03-01T17:49:26,0.06,Clear,Clear conditions throughout the day.,clear-day,"72288593197,72295023174,72295603167,72288623130,72288023152,72287493134"
los angeles,2006-03-02,63.3,46.6,54.3,63.3,46.6,54.3,43.2,67.8,0,0,0,,0,0,,9,249.8,1018.1,11.6,9.9,,,,,2006-03-02T06:20:21,2006-03-02T17:50:17,0.09,Clear,Clear conditions throughout the day.,clear-day,"72288593197,72295023174,72295603167,72288623130,72288023152,72287493134"
los angeles,2006-03-03,57.6,48.3,53.6,57.6,48.3,53.6,45.4,74.3,0.303,100,45.83,rain,0,0,,9.2,224.3,1016.4,69.1,8.6,,,,,2006-03-03T06:19:06,2006-03-03T17:51:07,0.13,"Rain, Partially cloudy",Partly cloudy throughout the day with a chance of rain throughout the day.,rain,"72288593197,72295023174,72295603167,72288623130,72288023152,72287493134"
los angeles,2006-03-04,60.5,43.1,51.8,60.5,43.1,51.8,39.5,64.4,0,0,0,,0,0,,6.8,233.3,1019.5,4.2,9.9,,,,,2006-03-04T06:17:50,2006-03-04T17:51:57,0.16,Clear,Clear conditions throughout the day.,clear-day,"72288593197,72295023174,72295603167,72288623130,72288023152,72287493134"
los angeles,2006-03-05,63.4,45,53.7,63.4,45,53.7,41.3,64.2,0,0,0,,0,0,,7.3,249.3,1021.1,6.8,9.7,,,,,2006-03-05T06:16:33,2006-03-05T17:52:47,0.19,Clear,Clear conditions throughout the day.,clear-day,"72288593197,72295023174,72295603167,72288623130,72288023152,72287493134"
los angeles,2006-03-06,61.8,51.2,54.8,61.8,51.2,54.8,46.2,74.1,0.121,100,37.5,rain,0,0,,6.5,125.2,1021.1,65.9,7.8,,,,,2006-03-06T06:15:15,2006-03-06T17:53:37,0.25,"Rain, Partially cloudy",Partly cloudy throughout the day with rain.,rain,"72288593197,72295023174,72295603167,72288623130,72288023152,72287493134"
los angeles,2006-03-07,61.8,51.3,56.1,61.8,51.3,56.1,47.1,73.3,0.013,100,16.67,rain,0,0,34.3,11.7,251.3,1019.7,37.9,8,,,,,2006-03-07T06:13:58,2006-03-07T17:54:26,0.26,"Rain, Partially cloudy",Partly cloudy throughout the day with early morning rain.,rain,"72288593197,72295023174,72295603167,72288623130,72288023152,72287493134"
los angeles,2006-03-08,66.2,48.8,56.8,66.2,48.8,56.8,38.6,52.3,0,0,0,,0,0,30,10.3,288.1,1017.7,3.9,9.9,,,,,2006-03-08T06:12:39,2006-03-08T17:55:15,0.29,Clear,Clear conditions throughout the day.,clear-day,"72288593197,72295023174,72295603167,72288623130,72288023152,72287493134"
los angeles,2006-03-09,60.8,50.9,54.9,60.8,50.9,54.9,44.6,68.5,0,0,0,,0,0,31.1,8.6,223.9,1011,34.8,9.6,,,,,2006-03-09T06:11:20,2006-03-09T17:56:04,0.33,Partially cloudy,Partly cloudy throughout the day.,partly-cloudy-day,"72288593197,72295023174,72295603167,72288623130,72288023152,72287493134"
los angeles,2006-03-10,53.6,46,50.1,53.6,44.7,49.8,37.2,61.4,0.118,100,20.83,rain,0,0,33.3,12.7,257.5,1007.5,65.8,9.5,,,,,2006-03-10T06:10:01,2006-03-10T17:56:52,0.36,"Rain, Partially cloudy",Partly cloudy throughout the day with rain.,rain,"72288593197,72295023174,72295603167,72288623130,72288023152,72287493134"
los angeles,2006-03-11,51.8,43.2,47.1,51.8,42.2,46.1,37.2,69.2,0.022,100,33.33,rain,0,0,32,11.8,265.6,1006.6,62.4,9.7,,,,,2006-03-11T06:08:42,2006-03-11T17:57:40,0.39,"Rain, Partially cloudy",Partly cloudy throughout the day with a chance of rain throughout the day.,rain,"72288593197,72295023174,72295603167,72288623130,72288023152,72287493134"
los angeles,2006-03-12,55.5,38.9,47.9,55.5,38.9,47.5,35.2,62.4,0.005,100,16.67,rain,0,0,,8.7,232.4,1018.8,38.9,9.9,,,,,2006-03-12T06:07:22,2006-03-12T17:58:28,0.43,"Rain, Partially cloudy",Partly cloudy throughout the day with afternoon rain.,rain,"72288593197,72295023174,72295603167,72288623130,72288023152,72287493134"
los angeles,2006-03-13,58.5,41.2,49.9,58.5,41.2,49.9,37.1,63,0.001,100,4.17,rain,0,0,,8.9,250.3,1023,6.7,9.9,,,,,2006-03-13T06:06:01,2006-03-13T17:59:16,0.46,Rain,Clear conditions throughout the day with afternoon rain.,rain,"72288593197,72295023174,72295603167,72288623130,72288023152,72287493134"
los angeles,2006-03-14,62.3,43.8,53.4,62.3,43.8,53.4,39.6,61.5,0,0,0,,0,0,,10.9,257.1,1018.3,16.5,9.9,,,,,2006-03-14T06:04:41,2006-03-14T18:00:03,0.5,Clear,Clear conditions throughout the day.,clear-day,"72288593197,72295023174,72295603167,72288623130,72288023152,72287493134"
los angeles,2006-03-15,62.2,45.4,53.6,62.2,45.4,53.6,40.7,64,0,0,0,,0,0,,8.7,231.6,1019.6,4.8,9.8,,,,,2006-03-15T06:03:20,2006-03-15T18:00:50,0.53,Clear,Clear conditions throughout the day.,clear-day,"72288593197,72295023174,72295603167,72288623130,72288023152,72287493134"
los angeles,2006-03-16,64.2,47.8,54.5,64.2,47.8,54.5,42.8,66.3,0,0,0,,0,0,,8.2,240.4,1018.6,6.1,9.7,,,,,2006-03-16T06:01:59,2006-03-16T18:01:37,0.56,Clear,Clear conditions throughout the day.,clear-day,"72288593197,72295023174,72295603167,72288623130,72288023152,72287493134"
los angeles,2006-03-17,57.6,49.4,53.6,57.6,49.4,53.6,46.3,76.4,0.073,100,16.67,rain,0,0,,8.5,177.6,1015.8,69.7,8.8,,,,,2006-03-17T06:00:37,2006-03-17T18:02:24,0.6,"Rain, Partially cloudy",Partly cloudy throughout the day with afternoon rain.,rain,"72288593197,72295023174,72295603167,72288623130,72288023152,72287493134"
los angeles,2006-03-18,59.6,46,52.6,59.6,46,52.6,40.9,65.7,0.095,100,8.33,rain,0,0,,9.6,236.5,1011.1,53,9.9,,,,,2006-03-18T05:59:16,2006-03-18T18:03:11,0.63,"Rain, Partially cloudy",Partly cloudy throughout the day with late afternoon rain.,rain,"72288593197,72295023174,72295603167,72288623130,72288023152,72287493134"
los angeles,2006-03-19,59.5,44.8,52.6,59.5,44.8,52.5,40.8,65.2,0,0,0,,0,0,,12.1,207.6,1010.4,27.6,9.9,,,,,2006-03-19T05:57:54,2006-03-19T18:03:57,0.67,Partially cloudy,Partly cloudy throughout the day.,partly-cloudy-day,"72288593197,72295023174,72295603167,72288623130,72288023152,72287493134"
los angeles,2006-03-20,59.6,48.3,53.3,59.6,47.2,53,42.6,68.3,0.321,100,20.83,rain,0,0,,7.9,150.4,1014.2,68.3,8.7,,,,,2006-03-20T05:56:32,2006-03-20T18:04:44,0.7,"Rain, Partially cloudy",Partly cloudy throughout the day with late afternoon rain.,rain,"72288593197,72295023174,72295603167,72288623130,72288023152,72287493134"
los angeles,2006-03-21,60,45.3,53,60,45.3,52.9,40.3,64.3,0,0,0,,0,0,30,10.9,267.4,1016.1,12.3,9.9,,,,,2006-03-21T05:55:10,2006-03-21T18:05:30,0.74,Clear,Clear conditions throughout the day.,clear-day,"72288593197,72295023174,72295603167,72288623130,72288023152,72287493134"
los angeles,2006-03-22,65.4,46,55.5,65.4,46,55.5,40.7,59,0.001,100,4.17,rain,0,0,,7.4,253.6,1022.2,4.6,9.9,,,,,2006-03-22T05:53:48,2006-03-22T18:06:16,0.75,Rain,Clear conditions throughout the day with morning rain.,rain,"72288593197,72295023174,72295603167,72288623130,72288023152,72287493134"
los angeles,2006-03-23,77.7,50,62.7,77.7,50,62.7,38.6,46,0,0,0,,0,0,,10,253.4,1020.9,3.2,9.9,,,,,2006-03-23T05:52:26,2006-03-23T18:07:02,0.81,Clear,Clear conditions throughout the day.,clear-day,"72288593197,72295023174,72295603167,72288623130,72288023152,72287493134"
los angeles,2006-03-24,74.9,51.7,62.2,74.9,51.7,62.2,41,48.1,0,0,0,,0,0,,8,237.1,1017.1,5.8,9.5,,,,,2006-03-24T05:51:04,2006-03-24T18:07:48,0.84,Clear,Clear conditions throughout the day.,clear-day,"72288593197,72295023174,72295603167,72288623130,72288023152,72287493134"
los angeles,2006-03-25,65.2,52.9,58.3,65.2,52.9,58.3,50.6,76.4,0.009,100,4.17,rain,0,0,,8.9,221.5,1016.1,60,7.6,,,,,2006-03-25T05:49:42,2006-03-25T18:08:34,0.88,"Rain, Partially cloudy",Partly cloudy throughout the day with late afternoon rain.,rain,"72288593197,72295023174,72295603167,72288623130,72288023152,72287493134"
los angeles,2006-03-26,65.7,52.8,58.8,65.7,52.8,58.8,46.1,64.3,0,0,0,,0,0,,7.9,238.1,1015.4,29.7,9.5,,,,,2006-03-26T05:48:20,2006-03-26T18:09:20,0.91,Partially cloudy,Partly cloudy throughout the day.,partly-cloudy-day,"72288593197,72295023174,72295603167,72288623130,72288023152,72287493134"
los angeles,2006-03-27,64.5,54.8,58.1,64.5,54.8,58.1,47.8,69.4,0.017,100,12.5,rain,0,0,,7.5,189.9,1015.5,55.6,9.9,,,,,2006-03-27T05:46:58,2006-03-27T18:10:05,0.94,"Rain, Partially cloudy",Partly cloudy throughout the day with late afternoon rain.,rain,"72288593197,72295023174,72295603167,72288623130,72288023152,72287493134"
los angeles,2006-03-28,53.6,50.9,52.3,53.6,50.9,52.3,48.6,87.2,1.6,100,83.33,rain,0,0,,8.3,120.6,1013.6,99.5,5.1,,,,,2006-03-28T05:45:36,2006-03-28T18:10:51,0.98,"Rain, Overcast",Cloudy skies throughout the day with a chance of rain throughout the day.,rain,"72288593197,72295023174,72295603167,72288623130,72288023152,72287493134"
los angeles,2006-03-29,60.8,50.1,55.5,60.8,50.1,55.5,46.3,72.7,0.07,100,16.67,rain,0,0,,10.9,242.2,1014.8,42.8,9,,,,,2006-03-29T05:44:15,2006-03-29T18:11:37,0,"Rain, Partially cloudy",Becoming cloudy in the afternoon with early morning rain.,rain,"72288593197,72295023174,72295603167,72288623130,72288023152,72287493134"
los angeles,2006-03-30,63.4,50.2,56.1,63.4,50.2,56.1,45.2,68.2,0,0,0,,0,0,,9,252,1017.2,26.7,9.7,,,,,2006-03-30T05:42:53,2006-03-30T18:12:22,0.05,Partially cloudy,Becoming cloudy in the afternoon.,partly-cloudy-day,"72288593197,72295023174,72295603167,72288623130,72288023152,72287493134"
los angeles,2006-03-31,60.8,52,55.7,60.8,52,55.7,44,65.5,0.03,100,16.67,rain,0,0,,5.2,230.6,1017.5,66.2,9.6,,,,,2006-03-31T05:41:32,2006-03-31T18:13:08,0.08,"Rain, Partially cloudy",Partly cloudy throughout the day with late afternoon rain.,rain,"72288593197,72295023174,72295603167,72288623130,72288023152,72287493134"
los angeles,2006-04-01,63.4,52,56,63.4,52,56,47.4,74.7,0.232,100,45.83,rain,0,0,,9.1,177.5,1020.4,57.3,8.2,,,,,2006-04-01T05:40:11,2006-04-01T18:13:53,0.11,"Rain, Partially cloudy",Partly cloudy throughout the day with rain clearing later.,rain,"72288593197,72295023174,72295603167,72288623130,72288023152,72287493134"
los angeles,2006-04-02,66.1,47,56.6,66.1,47,56.6,42.1,60.7,0,0,0,,0,0,,10,239.5,1019.9,11.4,9.7,,,,,2006-04-02T06:38:50,2006-04-02T19:14:38,0.14,Clear,Clear conditions throughout the day.,clear-day,"72288593197,72295023174,72295603167,72288623130,72288023152,72287493134"
los angeles,2006-04-03,66.4,54.2,60.5,66.4,54.2,60.5,44.9,57.2,0.019,100,8.33,rain,0,0,,5.1,148.4,1017.4,77.3,9.4,,,,,2006-04-03T06:37:29,2006-04-03T19:15:24,0.18,"Rain, Partially cloudy",Partly cloudy throughout the day with afternoon rain.,rain,"72288593197,72295023174,72295603167,72288623130,72288023152,72287493134"
los angeles,2006-04-04,61.6,51.5,58,61.6,51.5,58,51.4,80.1,1.059,100,66.67,rain,0,0,36.9,11.2,151.5,1012,97.1,6.5,,,,,2006-04-04T06:36:09,2006-04-04T19:16:09,0.21,"Rain, Overcast",Cloudy skies throughout the day with rain.,rain,"72288593197,72295023174,72295603167,72288623130,72288023152,72287493134"
los angeles,2006-04-05,60.1,49.4,54.6,60.1,49.4,54.6,45.7,73.3,0.509,100,54.17,rain,0,0,35.2,16.7,256.9,1013.1,53.6,9.3,,,,,2006-04-05T06:34:49,2006-04-05T19:16:55,0.25,"Rain, Partially cloudy",Partly cloudy throughout the day with a chance of rain throughout the day.,rain,"72288593197,72295023174,72295603167,72288623130,72288023152,72287493134"
los angeles,2006-04-06,63.7,48.2,55.5,63.7,48.2,55.5,44.3,67,0,0,0,,0,0,,8,246.2,1018.8,21.7,9.9,,,,,2006-04-06T06:33:30,2006-04-06T19:17:40,0.27,Partially cloudy,Partly cloudy throughout the day.,partly-cloudy-day,"72288593197,72295023174,72295603167,72288623130,72288023152,72287493134"
los angeles,2006-04-07,64.6,49.7,56.2,64.6,49.7,56.2,46.2,69.8,0,0,0,,0,0,,9.9,233.9,1017.1,16.3,9.2,,,,,2006-04-07T06:32:10,2006-04-07T19:18:26,0.31,Clear,Clear conditions throughout the day.,clear-day,"72288593197,72295023174,72295603167,72288623130,72288023152,72287493134"
los angeles,2006-04-08,67.4,51.4,58.3,67.4,51.4,58.3,46.8,66.7,0,0,0,,0,0,,8.7,257.1,1019,44.9,9.7,,,,,2006-04-08T06:30:52,2006-04-08T19:19:11,0.34,Partially cloudy,Partly cloudy throughout the day.,partly-cloudy-day,"72288593197,72295023174,72295603167,72288623130,72288023152,72287493134"
los angeles,2006-04-09,64.7,51.7,57.5,64.7,51.7,57.5,47.9,71.5,0,0,0,,0,0,,9.8,230.9,1016.2,39.3,8.4,,,,,2006-04-09T06:29:33,2006-04-09T19:19:57,0.37,Partially cloudy,Partly cloudy throughout the day.,partly-cloudy-day,"72288593197,72295023174,72295603167,72288623130,72288023152,72287493134"
los angeles,2006-04-10,62,52.2,57.4,62,52.2,57.4,46.6,67.7,0,0,0,,0,0,,7.6,226.6,1014.9,81.4,9.8,,,,,2006-04-10T06:28:15,2006-04-10T19:20:43,0.4,Partially cloudy,Partly cloudy throughout the day.,partly-cloudy-day,"72288593197,72295023174,72295603167,72288623130,72288023152,72287493134"
los angeles,2006-04-11,67.2,55.8,60.3,67.2,55.8,60.3,48.2,65,0.001,100,4.17,rain,0,0,,10,168,1016,59.1,9.9,,,,,2006-04-11T06:26:58,2006-04-11T19:21:28,0.44,"Rain, Partially cloudy",Partly cloudy throughout the day with early morning rain.,rain,"72288593197,72295023174,72295603167,72288623130,72288023152,72287493134"
los angeles,2006-04-12,70.6,51.3,60.3,70.6,51.3,60.3,48.1,65.5,0,0,0,,0,0,,9.4,224.8,1017.6,2.2,9.9,,,,,2006-04-12T06:25:41,2006-04-12T19:22:14,0.47,Clear,Clear conditions throughout the day.,clear-day,"72288593197,72295023174,72295603167,72288623130,72288023152,72287493134"
los angeles,2006-04-13,79.8,52.3,65,79.8,52.3,65,45.7,53.5,0,0,0,,0,0,,7.4,237.3,1014.8,1.5,9.9,,,,,2006-04-13T06:24:25,2006-04-13T19:23:00,0.5,Clear,Clear conditions throughout the day.,clear-day,"72288593197,72295023174,72295603167,72288623130,72288023152,72287493134"
los angeles,2006-04-14,63.5,57.2,59.5,63.5,57.2,59.5,53.7,81.1,0.184,100,45.83,rain,0,0,,9.5,223,1011,70.5,8.3,,,,,2006-04-14T06:23:09,2006-04-14T19:23:46,0.54,"Rain, Partially cloudy",Partly cloudy throughout the day with rain.,rain,"72288593197,72295023174,72295603167,72288623130,72288023152,72287493134"
los angeles,2006-04-15,62.8,55.2,58.9,62.8,55.2,58.9,50.8,75.3,0.003,100,12.5,rain,0,0,,6.8,221.2,1016.8,65.2,9.7,,,,,2006-04-15T06:21:54,2006-04-15T19:24:32,0.57,"Rain, Partially cloudy",Partly cloudy throughout the day with early morning rain.,rain,"72288593197,72295023174,72295603167,72288623130,72288023152,72287493134"
los angeles,2006-04-16,65.3,54.6,59,65.3,54.6,59,49,70.9,0,0,0,,0,0,,10.7,250.7,1017.7,42.6,9.3,,,,,2006-04-16T06:20:40,2006-04-16T19:25:18,0.61,Partially cloudy,Partly cloudy throughout the day.,partly-cloudy-day,"72288593197,72295023174,72295603167,72288623130,72288023152,72287493134"
los angeles,2006-04-17,65.5,52.3,59.5,65.5,52.3,59.5,42.9,56.9,0,0,0,,0,0,,9.7,273.5,1018.6,12.2,9.9,,,,,2006-04-17T06:19:26,2006-04-17T19:26:04,0.64,Clear,Clear conditions throughout the day.,clear-day,"72288593197,72295023174,72295603167,72288623130,72288023152,72287493134"
los angeles,2006-04-18,77.7,51.8,64.4,77.7,51.8,64.4,39,42.3,0,0,0,,0,0,,8.1,253.7,1015.8,1.8,9.9,,,,,2006-04-18T06:18:13,2006-04-18T19:26:50,0.68,Clear,Clear conditions throughout the day.,clear-day,"72288593197,72295023174,72295603167,72288623130,72288023152,72287493134"
los angeles,2006-04-19,76.8,54,65.3,76.8,54,65.3,44.8,50.3,0,0,0,,0,0,,7.9,237.2,1012.4,1.9,9.8,,,,,2006-04-19T06:17:01,2006-04-19T19:27:36,0.72,Clear,Clear conditions throughout the day.,clear-day,"72288593197,72295023174,72295603167,72288623130,72288023152,72287493134"
los angeles,2006-04-20,75.8,55.1,64.6,75.8,55.1,64.6,47.3,56.7,0,0,0,,0,0,,8.1,238.5,1012.5,7.1,9,,,,,2006-04-20T06:15:49,2006-04-20T19:28:23,0.75,Clear,Clear conditions throughout the day.,clear-day,"72288593197,72295023174,72295603167,72288623130,72288023152,72287493134"
los angeles,2006-04-21,68.2,56.1,60.6,68.2,56.1,60.6,50.3,69.6,0,0,0,,0,0,,7.6,233.4,1011.7,23.5,7.1,,,,,2006-04-21T06:14:38,2006-04-21T19:29:09,0.79,Partially cloudy,Partly cloudy throughout the day.,partly-cloudy-day,"72288593197,72295023174,72295603167,72288623130,72288023152,72287493134"
los angeles,2006-04-22,63.4,55,58.6,63.4,55,58.6,46.9,65.3,0.002,100,8.33,rain,0,0,,9,232.7,1013.5,93.5,9.9,,,,,2006-04-22T06:13:28,2006-04-22T19:29:55,0.82,"Rain, Overcast",Cloudy skies throughout the day with late afternoon rain.,rain,"72288593197,72295023174,72295603167,72288623130,72288023152,72287493134"
los angeles,2006-04-23,63.4,51.9,57.3,63.4,51.9,57.3,44.4,63,0.03,100,12.5,rain,0,0,,8,256.1,1017.3,74.3,9.8,,,,,2006-04-23T06:12:19,2006-04-23T19:30:42,0.86,"Rain, Partially cloudy",Partly cloudy throughout the day with early morning rain.,rain,"72288593197,72295023174,72295603167,72288623130,72288023152,72287493134"
los angeles,2006-04-24,66.4,51.3,59,66.4,51.3,59,46.2,63.5,0,0,0,,0,0,,11.5,252.6,1018.1,13.5,9.9,,,,,2006-04-24T06:11:11,2006-04-24T19:31:28,0.89,Clear,Clear conditions throughout the day.,clear-day,"72288593197,72295023174,72295603167,72288623130,72288023152,72287493134"
los angeles,2006-04-25,63.7,55.2,58.7,63.7,55.2,58.7,49.7,72.4,0,0,0,,0,0,,8.9,224.3,1015.5,75.5,8.7,,,,,2006-04-25T06:10:03,2006-04-25T19:32:15,0.93,Partially cloudy,Partly cloudy throughout the day.,partly-cloudy-day,"72288593197,72295023174,72295603167,72288623130,72288023152,72287493134"
los angeles,2006-04-26,65.8,55.1,59.2,65.8,55.1,59.2,46.8,64.5,0.001,100,4.17,rain,0,0,,9.2,232.7,1013.9,75.1,9.8,,,,,2006-04-26T06:08:57,2006-04-26T19:33:02,0.96,"Rain, Partially cloudy",Partly cloudy throughout the day with early morning rain.,rain,"72288593197,72295023174,72295603167,72288623130,72288023152,72287493134"
los angeles,2006-04-27,66.5,57.1,60.8,66.5,57.1,60.8,49.4,66.6,0,0,0,,0,0,,6.9,182.9,1014.2,84.5,9.8,,,,,2006-04-27T06:07:51,2006-04-27T19:33:48,0,Partially cloudy,Partly cloudy throughout the day.,partly-cloudy-day,"72288593197,72295023174,72295603167,72288623130,72288023152,72287493134"
los angeles,2006-04-28,65.7,57.2,61.8,65.7,57.2,61.8,51.2,68.5,0,0,0,,0,0,,5.3,240.2,1017.9,85.7,8.8,,,,,2006-04-28T06:06:47,2006-04-28T19:34:35,0.03,Partially cloudy,Partly cloudy throughout the day.,partly-cloudy-day,"72288593197,72295023174,72295603167,72288623130,72288023152,72287493134"
los angeles,2006-04-29,69.5,60,63.4,69.5,60,63.4,52.1,67.2,0,0,0,,0,0,,7.8,242.6,1017.2,63.3,8.8,,,,,2006-04-29T06:05:43,2006-04-29T19:35:22,0.06,Partially cloudy,Partly cloudy throughout the day.,partly-cloudy-day,"72288593197,72295023174,72295603167,72288623130,72288023152,72287493134"
los angeles,2006-04-30,71.1,56.9,61.7,71.1,56.9,61.7,53.6,75.7,0,0,0,,0,0,,7.3,228.7,1014.2,51.1,5.1,,,,,2006-04-30T06:04:41,2006-04-30T19:36:08,0.1,Partially cloudy,Clearing in the afternoon.,partly-cloudy-day,"72288593197,72295023174,72295603167,72288623130,72288023152,72287493134"
los angeles,2006-05-01,69.6,57.7,62.2,69.6,57.7,62.2,55,78.2,0,0,0,,0,0,,7.4,220.2,1012.8,74,3.5,,,,,2006-05-01T06:03:39,2006-05-01T19:36:55,0.13,Partially cloudy,Clearing in the afternoon.,partly-cloudy-day,"72288593197,72295023174,72295603167,72288623130,72288023152,72287493134"
los angeles,2006-05-02,68.8,59,63,68.8,59,63,55,75.7,0,0,0,,0,0,,6.7,223.1,1013.2,83.4,4.9,,,,,2006-05-02T06:02:39,2006-05-02T19:37:42,0.16,Partially cloudy,Partly cloudy throughout the day.,partly-cloudy-day,"72288593197,72295023174,72295603167,72288623130,72288023152,72287493134"
los angeles,2006-05-03,66.2,60,62.3,66.2,60,62.3,52.9,71.5,0,0,0,,0,0,,7,225.8,1013.4,99.7,8.1,,,,,2006-05-03T06:01:39,2006-05-03T19:38:29,0.19,Overcast,Cloudy skies throughout the day.,cloudy,"72288593197,72295023174,72295603167,72288623130,72288023152,72287493134"
los angeles,2006-05-04,66.5,58.9,61.8,66.5,58.9,61.8,49.1,63.5,0,0,0,,0,0,,9.2,244,1015.2,82,9.9,,,,,2006-05-04T06:00:41,2006-05-04T19:39:15,0.25,Partially cloudy,Partly cloudy throughout the day.,partly-cloudy-day,"72288593197,72295023174,72295603167,72288623130,72288023152,72287493134"
los angeles,2006-05-05,68.5,56.7,61.7,68.5,56.7,61.7,48.7,63.1,0,0,0,,0,0,,9.8,238.5,1016.2,47.2,9.8,,,,,2006-05-05T05:59:44,2006-05-05T19:40:02,0.26,Partially cloudy,Partly cloudy throughout the day.,partly-cloudy-day,"72288593197,72295023174,72295603167,72288623130,72288023152,72287493134"
los angeles,2006-05-06,68.7,57,62,68.7,57,62,51.6,69.3,0,0,0,,0,0,,9.4,241.4,1015.4,56,8,,,,,2006-05-06T05:58:48,2006-05-06T19:40:48,0.29,Partially cloudy,Partly cloudy throughout the day.,partly-cloudy-day,"72288593197,72295023174,72295603167,72288623130,72288023152,72287493134"
los angeles,2006-05-07,70.5,59.4,63.2,70.5,59.4,63.2,52.3,68.2,0,0,0,,0,0,,7.4,234.6,1014.1,57.6,6.4,,,,,2006-05-07T05:57:54,2006-05-07T19:41:35,0.32,Partially cloudy,Partly cloudy throughout the day.,partly-cloudy-day,"72288593197,72295023174,72295603167,72288623130,72288023152,72287493134"
los angeles,2006-05-08,69.7,57.9,62.2,69.7,57.9,62.2,54,74.9,0,0,0,,0,0,,6.4,205.7,1013.6,78,4.6,,,,,2006-05-08T05:57:00,2006-05-08T19:42:21,0.35,Partially cloudy,Partly cloudy throughout the day.,partly-cloudy-day,"72288593197,72295023174,72295603167,72288623130,72288023152,72287493134"
los angeles,2006-05-09,68,60.4,63.5,68,60.4,63.5,53.9,71.2,0,0,0,,0,0,,6.7,207.5,1012.7,73.7,6.1,,,,,2006-05-09T05:56:08,2006-05-09T19:43:07,0.39,Partially cloudy,Partly cloudy throughout the day.,partly-cloudy-day,"72288593197,72295023174,72295603167,72288623130,72288023152,72287493134"
los angeles,2006-05-10,73.6,58,63.1,73.6,58,63.1,55.1,76,0,0,0,,0,0,,10.6,233.4,1013.7,50.9,4.5,,,,,2006-05-10T05:55:17,2006-05-10T19:43:53,0.42,Partially cloudy,Clearing in the afternoon.,partly-cloudy-day,"72288593197,72295023174,72295603167,72288623130,72288023152,72287493134"
los angeles,2006-05-11,71.4,58.9,62.8,71.4,58.9,62.8,56,79.2,0,0,0,,0,0,,6.1,220.6,1013.7,75,4.2,,,,,2006-05-11T05:54:28,2006-05-11T19:44:39,0.45,Partially cloudy,Clearing in the afternoon.,partly-cloudy-day,"72288593197,72295023174,72295603167,72288623130,72288023152,72287493134"
los angeles,2006-05-12,73.4,61,65.1,73.4,61,65.1,56.5,74.4,0,0,0,,0,0,,7.2,211.1,1013.1,69.4,5.1,,,,,2006-05-12T05:53:39,2006-05-12T19:45:25,0.5,Partially cloudy,Partly cloudy throughout the day.,partly-cloudy-day,"72288593197,72295023174,72295603167,72288623130,72288023152,72287493134"
los angeles,2006-05-13,72.5,61.1,65.2,72.5,61.1,65.2,55.3,70.9,0,0,0,,0,0,,7.7,225.1,1014,60,5.6,,,,,2006-05-13T05:52:52,2006-05-13T19:46:10,0.52,Partially cloudy,Clearing in the afternoon.,partly-cloudy-day,"72288593197,72295023174,72295603167,72288623130,72288023152,72287493134"
los angeles,2006-05-14,75.7,60.7,65.7,75.7,60.7,65.7,55.9,71.6,0,0,0,,0,0,,8.8,239,1013.3,43.8,4.3,,,,,2006-05-14T05:52:07,2006-05-14T19:46:55,0.55,Partially cloudy,Clearing in the afternoon.,partly-cloudy-day,"72288593197,72295023174,72295603167,72288623130,72288023152,72287493134"
los angeles,2006-05-15,76.7,61.9,66.7,76.7,61.9,66.7,56.3,69.9,0,0,0,,0,0,,10,224.7,1013.9,49.6,6,,,,,2006-05-15T05:51:23,2006-05-15T19:47:40,0.59,Partially cloudy,Clearing in the afternoon.,partly-cloudy-day,"72288593197,72295023174,72295603167,72288623130,72288023152,72287493134"
los angeles,2006-05-16,73,61.1,65.1,73,61.1,65.1,56.3,73.4,0,0,0,,0,0,,8.8,230.1,1014.6,75,5.9,,,,,2006-05-16T05:50:40,2006-05-16T19:48:25,0.63,Partially cloudy,Clearing in the afternoon.,partly-cloudy-day,"72288593197,72295023174,72295603167,72288623130,72288023152,72287493134"
los angeles,2006-05-17,71.1,61,65.2,71.1,61,65.2,57.1,75.5,0,0,0,,0,0,,7,216,1012.5,62.8,3.4,,,,,2006-05-17T05:49:59,2006-05-17T19:49:09,0.66,Partially cloudy,Clearing in the afternoon.,partly-cloudy-day,"72288593197,72295023174,72295603167,72288623130,72288023152,72287493134"
los angeles,2006-05-18,74.2,62.6,66.5,74.2,62.6,66.5,58.3,75.4,0,0,0,,0,0,,7.4,221.3,1013.9,76.3,4.2,,,,,2006-05-18T05:49:19,2006-05-18T19:49:53,0.7,Partially cloudy,Clearing in the afternoon.,partly-cloudy-day,"72288593197,72295023174,72295603167,72288623130,72288023152,72287493134"
los angeles,2006-05-19,74.5,63.9,67.7,74.5,63.9,67.7,57.7,71,0,0,0,,0,0,,7.8,222.7,1014.9,57.3,4.9,,,,,2006-05-19T05:48:40,2006-05-19T19:50:37,0.73,Partially cloudy,Clearing in the afternoon.,partly-cloudy-day,"72288593197,72295023174,72295603167,72288623130,72288023152,72287493134"
los angeles,2006-05-20,72.5,63,66.8,72.5,63,66.8,56,69,0,0,0,,0,0,,7,233.7,1013.9,54.2,8,,,,,2006-05-20T05:48:03,2006-05-20T19:51:20,0.75,Partially cloudy,Clearing in the afternoon.,partly-cloudy-day,"72288593197,72295023174,72295603167,72288623130,72288023152,72287493134"
los angeles,2006-05-21,69,62,64.5,69,62,64.5,55.8,73.9,0.009,100,8.33,rain,0,0,33.3,8.8,167.1,1010.2,69.1,7,,,,,2006-05-21T05:47:28,2006-05-21T19:52:03,0.81,"Rain, Partially cloudy",Partly cloudy throughout the day with rain.,rain,"72288593197,72295023174,72295603167,72288623130,72288023152,72287493134"
los angeles,2006-05-22,69.4,57.9,62.6,69.4,57.9,62.6,54.1,75.2,0.782,100,54.17,rain,0,0,,7.2,203.6,1012.3,69.1,8.1,,,,,2006-05-22T05:46:54,2006-05-22T19:52:45,0.84,"Rain, Partially cloudy",Partly cloudy throughout the day with a chance of rain throughout the day.,rain,"72288593197,72295023174,72295603167,72288623130,72288023152,72287493134"
los angeles,2006-05-23,73.6,55.9,65.2,73.6,55.9,65.2,51.3,62.3,0,0,0,,0,0,,10.8,250.7,1019.1,2.4,9.9,,,,,2006-05-23T05:46:21,2006-05-23T19:53:27,0.88,Clear,Clear conditions throughout the day.,clear-day,"72288593197,72295023174,72295603167,72288623130,72288023152,72287493134"
los angeles,2006-05-24,78.2,60.1,69.6,78.2,60.1,69.6,55.6,62.2,0,0,0,,0,0,,6.4,202,1015.9,1.4,9.8,,,,,2006-05-24T05:45:50,2006-05-24T19:54:08,0.91,Clear,Clear conditions throughout the day.,clear-day,"72288593197,72295023174,72295603167,72288623130,72288023152,72287493134"
los angeles,2006-05-25,77.1,62.5,69.6,77.1,62.5,69.6,56.9,64.6,0,0,0,,0,0,,8.1,191.8,1011.2,1.7,8.5,,,,,2006-05-25T05:45:21,2006-05-25T19:54:49,0.95,Clear,Clear conditions throughout the day.,clear-day,"72288593197,72295023174,72295603167,72288623130,72288023152,72287493134"
los angeles,2006-05-26,70.8,63.1,66.5,70.8,63.1,66.5,55.1,67,0,0,0,,0,0,,8,212,1008.8,86.8,8,,,,,2006-05-26T05:44:53,2006-05-26T19:55:29,0,Partially cloudy,Partly cloudy throughout the day.,partly-cloudy-day,"72288593197,72295023174,72295603167,72288623130,72288023152,72287493134"
los angeles,2006-05-27,71.1,62.5,67.1,71.1,62.5,67.1,47,50.7,0,0,0,,0,0,30,9.3,269.6,1009.4,47.7,9.8,,,,,2006-05-27T05:44:27,2006-05-27T19:56:09,0.02,Partially cloudy,Clearing in the afternoon.,partly-cloudy-day,"72288593197,72295023174,72295603167,72288623130,72288023152,72287493134"
los angeles,2006-05-28,75.7,58.6,67.5,75.7,58.6,67.5,42,41.4,0,0,0,,0,0,34.4,10.1,277.8,1014.3,3.8,9.8,,,,,2006-05-28T05:44:02,2006-05-28T19:56:47,0.05,Clear,Clear conditions throughout the day.,clear-day,"72288593197,72295023174,72295603167,72288623130,72288023152,72287493134"
los angeles,2006-05-29,77,59,67.6,77,59,67.6,49.9,55,0,0,0,,0,0,,9.8,239.5,1014.9,1.3,9.9,,,,,2006-05-29T05:43:39,2006-05-29T19:57:26,0.08,Clear,Clear conditions throughout the day.,clear-day,"72288593197,72295023174,72295603167,72288623130,72288023152,72287493134"
los angeles,2006-05-30,81.2,59,69.9,80.4,59,69.8,51,53.2,0,0,0,,0,0,,11,227.2,1014.4,0.6,9.6,,,,,2006-05-30T05:43:17,2006-05-30T19:58:03,0.11,Clear,Clear conditions throughout the day.,clear-day,"72288593197,72295023174,72295603167,72288623130,72288023152,72287493134"
los angeles,2006-05-31,82.2,61.3,71.5,81.3,61.3,71.4,52.8,53.5,0,0,0,,0,0,,7.8,236.3,1012.9,1.3,9.8,,,,,2006-05-31T05:42:57,2006-05-31T19:58:40,0.15,Clear,Clear conditions throughout the day.,clear-day,"72288593197,72295023174,72295603167,72288623130,72288023152,72287493134"
los angeles,2006-06-01,80.9,62.8,69.8,81.5,62.8,69.8,57.7,67.1,0,0,0,,0,0,,7.4,223.1,1013.3,7.7,7.2,,,,,2006-06-01T05:42:39,2006-06-01T19:59:16,0.18,Clear,Clear conditions throughout the day.,clear-day,"72288593197,72295023174,72295603167,72288623130,72288023152,72287493134"
los angeles,2006-06-02,81.3,62.1,70.5,81.6,62.1,70.5,57.6,65.5,0,0,0,,0,0,,8,242.3,1014.1,4.8,5.5,,,,,2006-06-02T05:42:22,2006-06-02T19:59:51,0.21,Clear,Clear conditions throughout the day.,clear-day,"72288593197,72295023174,72295603167,72288623130,72288023152,72287493134"
los angeles,2006-06-03,90.6,65.6,77.6,89.5,65.6,77.1,57.7,53.2,0,0,0,,0,0,,7.8,250.7,1010.7,1.7,8.8,,,,,2006-06-03T05:42:07,2006-06-03T20:00:25,0.25,Clear,Clear conditions throughout the day.,clear-day,"72288593197,72295023174,72295603167,72288623130,72288023152,72287493134"
los angeles,2006-06-04,86.7,68.9,76.2,86.3,68.9,76.3,61.6,62,0,0,0,,0,0,,8.1,204.3,1009.5,6.2,9.3,,,,,2006-06-04T05:41:53,2006-06-04T20:00:58,0.28,Clear,Clear conditions throughout the day.,clear-day,"72288593197,72295023174,72295603167,72288623130,72288023152,72287493134"
los angeles,2006-06-05,76.9,66.8,70.6,76.9,66.8,70.6,61,71.9,0,0,0,,0,0,,7.7,194.6,1011.2,61.5,6.3,,,,,2006-06-05T05:41:41,2006-06-05T20:01:30,0.31,Partially cloudy,Partly cloudy throughout the day.,partly-cloudy-day,"72288593197,72295023174,72295603167,72288623130,72288023152,72287493134"
los angeles,2006-06-06,75.4,65.6,69.2,75.4,65.6,69.2,60.3,74,0,0,0,,0,0,,6.3,224.8,1011.1,73.5,4.6,,,,,2006-06-06T05:41:31,2006-06-06T20:02:02,0.34,Partially cloudy,Clearing in the afternoon.,partly-cloudy-day,"72288593197,72295023174,72295603167,72288623130,72288023152,72287493134"
los angeles,2006-06-07,72,65.7,68.5,72,65.7,68.5,60.9,77,0,0,0,,0,0,,6.1,227.6,1011.6,96.9,5,,,,,2006-06-07T05:41:22,2006-06-07T20:02:32,0.37,Overcast,Cloudy skies throughout the day.,cloudy,"72288593197,72295023174,72295603167,72288623130,72288023152,72287493134"
los angeles,2006-06-08,72.8,65.7,68.2,72.8,65.7,68.2,60.4,76.7,0.001,100,4.17,rain,0,0,,6.5,229.5,1012.3,97.4,6.1,,,,,2006-06-08T05:41:15,2006-06-08T20:03:01,0.4,"Rain, Overcast",Cloudy skies throughout the day with early morning rain.,rain,"72288593197,72295023174,72295603167,72288623130,72288023152,72287493134"
los angeles,2006-06-09,74.9,63.9,67.9,74.9,63.9,67.9,59,74.1,0.001,100,4.17,rain,0,0,,9,225.1,1012.8,75.7,7.6,,,,,2006-06-09T05:41:10,2006-06-09T20:03:30,0.44,"Rain, Partially cloudy",Partly cloudy throughout the day with early morning rain.,rain,"72288593197,72295023174,72295603167,72288623130,72288023152,72287493134"
los angeles,2006-06-10,71.5,63.9,67.3,71.5,63.9,67.3,55.7,66.6,0,0,0,,0,0,,7.9,227.6,1011,67.2,9.7,,,,,2006-06-10T05:41:05,2006-06-10T20:03:57,0.47,Partially cloudy,Partly cloudy throughout the day.,partly-cloudy-day,"72288593197,72295023174,72295603167,72288623130,72288023152,72287493134"
los angeles,2006-06-11,71.2,62.7,66.6,71.2,62.7,66.6,55.3,67.2,0,0,0,,0,0,,8.4,218,1010.2,81.8,9.7,,,,,2006-06-11T05:41:03,2006-06-11T20:04:23,0.5,Partially cloudy,Partly cloudy throughout the day.,partly-cloudy-day,"72288593197,72295023174,72295603167,72288623130,72288023152,72287493134"
los angeles,2006-06-12,71.5,62.6,66.3,71.5,62.6,66.3,53.8,64.6,0,0,0,,0,0,,8.9,234.9,1014.1,58.8,8.8,,,,,2006-06-12T05:41:02,2006-06-12T20:04:47,0.54,Partially cloudy,Partly cloudy throughout the day.,partly-cloudy-day,"72288593197,72295023174,72295603167,72288623130,72288023152,72287493134"
los angeles,2006-06-13,76.2,60.7,68.4,76.2,60.7,68.4,52.4,58.2,0,0,0,,0,0,,10.9,249.7,1016.7,2.7,9.8,,,,,2006-06-13T05:41:03,2006-06-13T20:05:11,0.57,Clear,Clear conditions throughout the day.,clear-day,"72288593197,72295023174,72295603167,72288623130,72288023152,72287493134"
los angeles,2006-06-14,81.1,62.2,71.6,80.2,62.2,71.5,52.7,53.4,0,0,0,,0,0,34.4,6.5,244.6,1013.9,1.5,9.7,,,,,2006-06-14T05:41:05,2006-06-14T20:05:33,0.61,Clear,Clear conditions throughout the day.,clear-day,"72288593197,72295023174,72295603167,72288623130,72288023152,72287493134"
los angeles,2006-06-15,79.5,64.6,71.5,79.5,64.6,71.5,56.8,60.7,0,0,0,,0,0,34.4,8.8,177.5,1009.7,6.9,9.6,,,,,2006-06-15T05:41:09,2006-06-15T20:05:54,0.65,Clear,Clear conditions throughout the day.,clear-day,"72288593197,72295023174,72295603167,72288623130,72288023152,72287493134"
los angeles,2006-06-16,88.6,65.4,77.6,87,65.4,77.1,57.3,52.7,0,0,0,,0,0,,8.6,259.4,1010.1,0,9.5,,,,,2006-06-16T05:41:14,2006-06-16T20:06:14,0.68,Clear,Clear conditions throughout the day.,clear-day,"72288593197,72295023174,72295603167,72288623130,72288023152,72287493134"
los angeles,2006-06-17,86.8,67.8,74.8,86.9,67.8,74.8,61.6,65.6,0,0,0,,0,0,,7.1,179.4,1012.7,32.6,7.9,,,,,2006-06-17T05:41:20,2006-06-17T20:06:33,0.72,Partially cloudy,Clearing in the afternoon.,partly-cloudy-day,"72288593197,72295023174,72295603167,72288623130,72288023152,72287493134"
los angeles,2006-06-18,81,66.8,72,81.9,66.8,72.1,61.2,69.7,0,0,0,,0,0,,9.4,217.3,1013.2,57.9,6.8,,,,,2006-06-18T05:41:28,2006-06-18T20:06:50,0.75,Partially cloudy,Clearing in the afternoon.,partly-cloudy-day,"72288593197,72295023174,72295603167,72288623130,72288023152,72287493134"
los angeles,2006-06-19,79.3,65.2,70.6,79.3,65.2,70.6,59.9,69.7,0,0,0,,0,0,,8.3,218.1,1012.9,47.9,6,,,,,2006-06-19T05:41:38,2006-06-19T20:07:05,0.79,Partially cloudy,Clearing in the afternoon.,partly-cloudy-day,"72288593197,72295023174,72295603167,72288623130,72288023152,72287493134"
los angeles,2006-06-20,78.9,61.3,68.8,78.9,61.3,68.8,57.9,69,0,0,0,,0,0,,7.4,223.4,1013.6,38.8,6,,,,,2006-06-20T05:41:49,2006-06-20T20:07:20,0.82,Partially cloudy,Clearing in the afternoon.,partly-cloudy-day,"72288593197,72295023174,72295603167,72288623130,72288023152,72287493134"
los angeles,2006-06-21,78.5,60.4,68.2,78.5,60.4,68.2,57.9,71.1,0,0,0,,0,0,,7.2,225.6,1013.4,44.4,4.4,,,,,2006-06-21T05:42:01,2006-06-21T20:07:33,0.86,Partially cloudy,Clearing in the afternoon.,partly-cloudy-day,"72288593197,72295023174,72295603167,72288623130,72288023152,72287493134"
los angeles,2006-06-22,78.7,63,70,78.7,63,70,58.8,68.6,0,0,0,,0,0,,8.5,231.6,1014.9,35.4,5.4,,,,,2006-06-22T05:42:15,2006-06-22T20:07:44,0.9,Partially cloudy,Clearing in the afternoon.,partly-cloudy-day,"72288593197,72295023174,72295603167,72288623130,72288023152,72287493134"
los angeles,2006-06-23,77.1,63.6,68.9,77.1,63.6,68.9,59.1,72,0,0,0,,0,0,,8.4,231.3,1015.2,49.3,5.4,,,,,2006-06-23T05:42:30,2006-06-23T20:07:54,0.93,Partially cloudy,Clearing in the afternoon.,partly-cloudy-day,"72288593197,72295023174,72295603167,72288623130,72288023152,72287493134"
los angeles,2006-06-24,81.5,62.7,68.6,82.1,62.7,68.6,58.4,71.1,0,0,0,,0,0,,8.5,247.1,1014.7,43,5.5,,,,,2006-06-24T05:42:47,2006-06-24T20:08:03,0.97,Partially cloudy,Clearing in the afternoon.,partly-cloudy-day,"72288593197,72295023174,72295603167,72288623130,72288023152,72287493134"
los angeles,2006-06-25,86.5,65.2,73,86.6,65.2,73.1,59.4,63.8,0,0,0,,0,0,,6,234,1013.2,6.1,7.6,,,,,2006-06-25T05:43:04,2006-06-25T20:08:09,0,Clear,Clear conditions throughout the day.,clear-day,"72288593197,72295023174,72295603167,72288623130,72288023152,72287493134"
los angeles,2006-06-26,84.3,66.9,74.4,84.7,66.9,74.5,58.8,59.4,0.001,100,4.17,rain,0,0,,5.8,244,1011.4,7.5,9.2,,,,,2006-06-26T05:43:23,2006-06-26T20:08:15,0.04,Rain,Clear conditions throughout the day with early morning rain.,rain,"72288593197,72295023174,72295603167,72288623130,72288023152,72287493134"
los angeles,2006-06-27,95.7,63.9,75,92.8,63.9,74.5,57.6,59.1,0,0,0,,0,0,32.2,9,287.9,1011.5,9,7.7,,,,,2006-06-27T05:43:43,2006-06-27T20:08:19,0.07,Clear,Clear conditions throughout the day.,clear-day,"72288593197,72295023174,72295603167,72288623130,72288023152,72287493134"
los angeles,2006-06-28,89.1,67.3,76.7,88.6,67.3,76.5,57.5,53.4,0,0,0,,0,0,,8.4,234.4,1013.2,3.8,9.4,,,,,2006-06-28T05:44:05,2006-06-28T20:08:21,0.1,Clear,Clear conditions throughout the day.,clear-day,"72288593197,72295023174,72295603167,72288623130,72288023152,72287493134"
los angeles,2006-06-29,86.6,65.9,74.9,86,65.9,74.6,57.2,56.8,0,0,0,,0,0,,7.2,237,1014.5,3.3,8.7,,,,,2006-06-29T05:44:27,2006-06-29T20:08:22,0.13,Clear,Clear conditions throughout the day.,clear-day,"72288593197,72295023174,72295603167,72288623130,72288023152,72287493134"
los angeles,2006-06-30,85.7,66.7,75.6,84.6,66.7,75.3,56.6,53.6,0,0,0,,0,0,,6.9,220.1,1012.8,2.2,9.5,,,,,2006-06-30T05:44:51,2006-06-30T20:08:21,0.17,Clear,Clear conditions throughout the day.,clear-day,"72288593197,72295023174,72295603167,72288623130,72288023152,72287493134"
los angeles,2006-07-01,88.4,69.4,77.7,87.7,69.4,77.3,56,48.5,0,0,0,,0,0,,8.3,237.1,1010.2,1.1,9.7,,,,,2006-07-01T05:45:16,2006-07-01T20:08:19,0.2,Clear,Clear conditions throughout the day.,clear-day,"72288593197,72295023174,72295603167,72288623130,72288023152,72287493134"
los angeles,2006-07-02,88.1,69.7,78.3,87.8,69.7,78.3,59.1,53,0,0,0,,0,0,,5.9,219.4,1011.7,3.1,9.5,,,,,2006-07-02T05:45:42,2006-07-02T20:08:15,0.23,Clear,Clear conditions throughout the day.,clear-day,"72288593197,72295023174,72295603167,72288623130,72288023152,72287493134"
los angeles,2006-07-03,90.3,70.7,79.3,90,70.7,79.3,60.1,53.2,0,0,0,,0,0,,5.9,213.6,1015,3,8.9,,,,,2006-07-03T05:46:09,2006-07-03T20:08:09,0.25,Clear,Clear conditions throughout the day.,clear-day,"72288593197,72295023174,72295603167,72288623130,72288023152,72287493134"
los angeles,2006-07-04,86.6,68.7,75.8,87.2,68.7,76,60.4,59.8,0,0,0,,0,0,,8.5,230.2,1015.3,2.2,8.1,,,,,2006-07-04T05:46:37,2006-07-04T20:08:02,0.3,Clear,Clear conditions throughout the day.,clear-day,"72288593197,72295023174,72295603167,72288623130,72288023152,72287493134"
los angeles,2006-07-05,82.3,67.8,73.8,83.2,67.8,74.1,58.9,60.4,0,0,0,,0,0,,8.7,231.2,1013.5,1.5,7.2,,,,,2006-07-05T05:47:06,2006-07-05T20:07:53,0.33,Clear,Clear conditions throughout the day.,clear-day,"72288593197,72295023174,72295603167,72288623130,72288023152,72287493134"
los angeles,2006-07-06,81.8,65,73.3,82.5,65,73.4,58.4,60.9,0,0,0,,0,0,,8.8,229.5,1014.4,2.3,8.9,,,,,2006-07-06T05:47:36,2006-07-06T20:07:42,0.36,Clear,Clear conditions throughout the day.,clear-day,"72288593197,72295023174,72295603167,72288623130,72288023152,72287493134"
los angeles,2006-07-07,87.3,65.7,75.3,86.4,65.7,75.2,57,54.4,0,0,0,,0,0,,8.7,238.6,1014.9,1.5,9.9,,,,,2006-07-07T05:48:07,2006-07-07T20:07:30,0.39,Clear,Clear conditions throughout the day.,clear-day,"72288593197,72295023174,72295603167,72288623130,72288023152,72287493134"
los angeles,2006-07-08,86.3,68.8,76.6,85.6,68.8,76.5,59.9,58.2,0,0,0,,0,0,,8,229.8,1013.8,3.2,9.3,,,,,2006-07-08T05:48:39,2006-07-08T20:07:16,0.42,Clear,Clear conditions throughout the day.,clear-day,"72288593197,72295023174,72295603167,72288623130,72288023152,72287493134"
los angeles,2006-07-09,83.7,66.5,73.9,83.7,66.5,74,60.6,64.7,0,0,0,,0,0,,8.3,236.2,1010.9,26.8,8.2,,,,,2006-07-09T05:49:11,2006-07-09T20:07:01,0.46,Partially cloudy,Partly cloudy throughout the day.,partly-cloudy-day,"72288593197,72295023174,72295603167,72288623130,72288023152,72287493134"
los angeles,2006-07-10,78.2,65.9,71.1,78.2,65.9,71.1,59.5,67.8,0,0,0,,0,0,,11.5,214.6,1010.6,27.4,6.5,,,,,2006-07-10T05:49:45,2006-07-10T20:06:43,0.5,Partially cloudy,Partly cloudy throughout the day.,partly-cloudy-day,"72288593197,72295023174,72295603167,72288623130,72288023152,72287493134"
los angeles,2006-07-11,82.7,64.3,72.1,82.9,64.3,72.2,58.6,64.4,0,0,0,,0,0,,8.4,223.6,1012.2,12.5,7.3,,,,,2006-07-11T05:50:19,2006-07-11T20:06:25,0.52,Clear,Clear conditions throughout the day.,clear-day,"72288593197,72295023174,72295603167,72288623130,72288023152,72287493134"
los angeles,2006-07-12,87.5,65.8,76.4,86,65.8,75.7,54.9,51.4,0,0,0,,0,0,,8.2,241.6,1013.1,0.6,9.1,,,,,2006-07-12T05:50:54,2006-07-12T20:06:04,0.56,Clear,Clear conditions throughout the day.,clear-day,"72288593197,72295023174,72295603167,72288623130,72288023152,72287493134"
los angeles,2006-07-13,88.3,66.9,77.3,87.2,66.9,76.9,57.1,52,0,0,0,,0,0,,7.8,243.2,1013.7,1.6,9.8,,,,,2006-07-13T05:51:29,2006-07-13T20:05:42,0.59,Clear,Clear conditions throughout the day.,clear-day,"72288593197,72295023174,72295603167,72288623130,72288023152,72287493134"
los angeles,2006-07-14,89.6,67.8,76.8,89.2,67.8,76.6,59.6,58,0,0,0,,0,0,,9,240.2,1012.5,5.4,9,,,,,2006-07-14T05:52:06,2006-07-14T20:05:19,0.63,Clear,Clear conditions throughout the day.,clear-day,"72288593197,72295023174,72295603167,72288623130,72288023152,72287493134"
los angeles,2006-07-15,93,69,79.5,93.7,69,79.6,60.2,53.8,0,0,0,,0,0,,7.8,233.5,1011.7,2.1,9.4,,,,,2006-07-15T05:52:43,2006-07-15T20:04:53,0.67,Clear,Clear conditions throughout the day.,clear-day,"72288593197,72295023174,72295603167,72288623130,72288023152,72287493134"
los angeles,2006-07-16,90.2,72.5,79.5,90.3,72.5,79.8,62.3,56.9,0,0,0,,0,0,,5.9,192.9,1013.8,4.2,9.8,,,,,2006-07-16T05:53:20,2006-07-16T20:04:27,0.7,Clear,Clear conditions throughout the day.,clear-day,"72288593197,72295023174,72295603167,72288623130,72288023152,72287493134"
los angeles,2006-07-17,91,72.7,78.2,93.8,72.7,78.8,65.3,65.6,0,0,0,,0,0,34.4,9.5,212.2,1013.5,8.3,8.9,,,,,2006-07-17T05:53:58,2006-07-17T20:03:58,0.75,Clear,Clear conditions throughout the day.,clear-day,"72288593197,72295023174,72295603167,72288623130,72288023152,72287493134"
los angeles,2006-07-18,86.2,71.4,77.1,88.8,71.4,77.8,65.1,67.4,0,0,0,,0,0,,7.3,225.1,1012.6,8.7,7.9,,,,,2006-07-18T05:54:37,2006-07-18T20:03:28,0.77,Clear,Clear conditions throughout the day.,clear-day,"72288593197,72295023174,72295603167,72288623130,72288023152,72287493134"
los angeles,2006-07-19,85.6,69.2,75.4,86.5,69.2,75.7,63.1,66.8,0,0,0,,0,0,,8.5,227.5,1012.5,11.8,8.6,,,,,2006-07-19T05:55:16,2006-07-19T20:02:57,0.81,Clear,Clear conditions throughout the day.,clear-day,"72288593197,72295023174,72295603167,72288623130,72288023152,72287493134"
los angeles,2006-07-20,82.3,68.9,74.4,83.1,68.9,74.6,62.6,67.7,0,0,0,,0,0,,8.6,227,1013.8,10,8.2,,,,,2006-07-20T05:55:56,2006-07-20T20:02:23,0.84,Clear,Clear conditions throughout the day.,clear-day,"72288593197,72295023174,72295603167,72288623130,72288023152,72287493134"
los angeles,2006-07-21,86.1,70,77.4,87.8,70,77.9,63.6,63.8,0,0,0,,0,0,,7.7,234.4,1011.6,4.1,9.1,,,,,2006-07-21T05:56:36,2006-07-21T20:01:49,0.88,Clear,Clear conditions throughout the day.,clear-day,"72288593197,72295023174,72295603167,72288623130,72288023152,72287493134"
los angeles,2006-07-22,97.1,73.1,83.4,100.8,73.1,84.8,65.4,57.1,0,0,0,,0,0,,7.2,267.4,1008.7,4,9.1,,,,,2006-07-22T05:57:16,2006-07-22T20:01:12,0.91,Clear,Clear conditions throughout the day.,clear-day,"72288593197,72295023174,72295603167,72288623130,72288023152,72287493134"
los angeles,2006-07-23,94.6,76.5,83.8,99.4,76.5,86.2,67.3,58.3,0.006,100,4.17,rain,0,0,,6,239.1,1008,5.5,9,,,,,2006-07-23T05:57:57,2006-07-23T20:00:35,0.95,Rain,Clear conditions throughout the day with morning rain.,rain,"72288593197,72295023174,72295603167,72288623130,72288023152,72287493134"
los angeles,2006-07-24,95.3,74.6,83.6,100.3,74.6,85.6,67.3,59.5,0,0,0,,0,0,,6.7,224.8,1006.2,3.7,8.2,,,,,2006-07-24T05:58:38,2006-07-24T19:59:55,0,Clear,Clear conditions throughout the day.,clear-day,"72288593197,72295023174,72295603167,72288623130,72288023152,72287493134"
los angeles,2006-07-25,89.6,75.4,80.3,94.5,75.4,82.1,68.2,67.3,0,0,0,,0,0,,7.2,201.1,1006.9,12.2,6.8,,,,,2006-07-25T05:59:20,2006-07-25T19:59:15,0.02,Clear,Clear conditions throughout the day.,clear-day,"72288593197,72295023174,72295603167,72288623130,72288023152,72287493134"
los angeles,2006-07-26,92.3,73.6,80.8,97.3,73.6,82.5,67.1,64.1,0,0,0,,0,0,,8.3,225,1010.1,4.6,6.5,,,,,2006-07-26T06:00:02,2006-07-26T19:58:32,0.05,Clear,Clear conditions throughout the day.,clear-day,"72288593197,72295023174,72295603167,72288623130,72288023152,72287493134"
los angeles,2006-07-27,89.5,72.8,80,92,72.8,81.1,67.2,67,0,0,0,,0,0,,7.1,218.9,1013.2,13.9,6.3,,,,,2006-07-27T06:00:44,2006-07-27T19:57:49,0.09,Clear,Clear conditions throughout the day.,clear-day,"72288593197,72295023174,72295603167,72288623130,72288023152,72287493134"
los angeles,2006-07-28,86.5,75.3,79.5,90.3,75.3,80.8,67.4,67.2,0,0,0,,0,0,,11,237.1,1013.9,42.6,9.6,,,,,2006-07-28T06:01:26,2006-07-28T19:57:03,0.12,Partially cloudy,Clearing in the afternoon.,partly-cloudy-day,"72288593197,72295023174,72295603167,72288623130,72288023152,72287493134"
los angeles,2006-07-29,80.1,73.5,75.7,82.7,73.5,75.9,67.7,76.4,0,0,0,,0,0,,9.2,237.3,1014.5,99.8,9.5,,,,,2006-07-29T06:02:09,2006-07-29T19:56:17,0.15,Overcast,Cloudy skies throughout the day.,cloudy,"72288593197,72295023174,72295603167,72288623130,72288023152,72287493134"
los angeles,2006-07-30,79.9,71.3,74.5,79.9,71.3,74.5,65.1,72.8,0,0,0,,0,0,,10.2,242.6,1013.7,77.9,9.9,,,,,2006-07-30T06:02:51,2006-07-30T19:55:29,0.18,Partially cloudy,Partly cloudy throughout the day.,partly-cloudy-day,"72288593197,72295023174,72295603167,72288623130,72288023152,72287493134"
los angeles,2006-07-31,79.7,70.3,73.4,79.7,70.3,73.4,61.9,67.8,0,0,0,,0,0,,7.2,227.4,1011.8,68.2,9.6,,,,,2006-07-31T06:03:34,2006-07-31T19:54:40,0.22,Partially cloudy,Partly cloudy throughout the day.,partly-cloudy-day,"72288593197,72295023174,72295603167,72288623130,72288023152,72287493134"
los angeles,2006-08-01,81.9,70.7,75.2,82.7,70.7,75.4,61.1,62,0,0,0,,0,0,,8.2,226.4,1012.8,59.8,9.9,,,,,2006-08-01T06:04:17,2006-08-01T19:53:49,0.25,Partially cloudy,Partly cloudy throughout the day.,partly-cloudy-day,"72288593197,72295023174,72295603167,72288623130,72288023152,72287493134"
los angeles,2006-08-02,81.7,69.6,74.5,82.7,69.6,74.6,61.9,65.5,0,0,0,,0,0,,8.7,242.6,1014.1,39.8,9.5,,,,,2006-08-02T06:05:01,2006-08-02T19:52:57,0.25,Partially cloudy,Clearing in the afternoon.,partly-cloudy-day,"72288593197,72295023174,72295603167,72288623130,72288023152,72287493134"
los angeles,2006-08-03,77.3,69.4,72,77.3,69.4,72,61.6,70.2,0,0,0,,0,0,,8,238.4,1012.4,74.5,8.5,,,,,2006-08-03T06:05:44,2006-08-03T19:52:04,0.31,Partially cloudy,Partly cloudy throughout the day.,partly-cloudy-day,"72288593197,72295023174,72295603167,72288623130,72288023152,72287493134"
los angeles,2006-08-04,79.8,67.6,72.5,79.8,67.6,72.5,60.7,67.5,0.001,100,4.17,rain,0,0,,6.9,239.5,1013.5,58.2,9,,,,,2006-08-04T06:06:27,2006-08-04T19:51:09,0.35,"Rain, Partially cloudy",Partly cloudy throughout the day with early morning rain.,rain,"72288593197,72295023174,72295603167,72288623130,72288023152,72287493134"
los angeles,2006-08-05,80.6,66.8,72.7,81.1,66.8,72.7,58.4,61.5,0,0,0,,0,0,,9.7,236.4,1014.7,10,9.7,,,,,2006-08-05T06:07:11,2006-08-05T19:50:14,0.38,Clear,Clear conditions throughout the day.,clear-day,"72288593197,72295023174,72295603167,72288623130,72288023152,72287493134"
los angeles,2006-08-06,77.6,65.5,71.3,77.6,65.5,71.3,59.1,66,0,0,0,,0,0,,9.3,228.6,1013.8,11.4,9.9,,,,,2006-08-06T06:07:54,2006-08-06T19:49:17,0.41,Clear,Clear conditions throughout the day.,clear-day,"72288593197,72295023174,72295603167,72288623130,72288023152,72287493134"
los angeles,2006-08-07,80.6,66.4,72.4,81,66.4,72.4,58.9,63.5,0,0,0,,0,0,,9.9,236.9,1014.7,38.2,9.8,,,,,2006-08-07T06:08:38,2006-08-07T19:48:18,0.45,Partially cloudy,Partly cloudy throughout the day.,partly-cloudy-day,"72288593197,72295023174,72295603167,72288623130,72288023152,72287493134"
los angeles,2006-08-08,83.8,64.5,74.1,83.5,64.5,74,58.4,59.9,0,0,0,,0,0,,9,236.3,1014.4,0.4,9.6,,,,,2006-08-08T06:09:21,2006-08-08T19:47:19,0.48,Clear,Clear conditions throughout the day.,clear-day,"72288593197,72295023174,72295603167,72288623130,72288023152,72287493134"
los angeles,2006-08-09,86.8,66.5,75.9,86.3,66.5,75.8,60.3,60.6,0,0,0,,0,0,,8.6,229.8,1012.5,7.4,9.2,,,,,2006-08-09T06:10:05,2006-08-09T19:46:18,0.5,Clear,Clear conditions throughout the day.,clear-day,"72288593197,72295023174,72295603167,72288623130,72288023152,72287493134"
los angeles,2006-08-10,86.4,68.8,76.1,86.2,68.8,76.2,62.7,65,0,0,0,,0,0,,7.5,224.6,1012.8,4.8,7.4,,,,,2006-08-10T06:10:48,2006-08-10T19:45:17,0.55,Clear,Clear conditions throughout the day.,clear-day,"72288593197,72295023174,72295603167,72288623130,72288023152,72287493134"
los angeles,2006-08-11,83.4,68.7,74.4,84.5,68.7,74.5,62.8,68.7,0,0,0,,0,0,,9.4,225.4,1012.5,21.1,6.3,,,,,2006-08-11T06:11:32,2006-08-11T19:44:14,0.58,Partially cloudy,Clearing in the afternoon.,partly-cloudy-day,"72288593197,72295023174,72295603167,72288623130,72288023152,72287493134"
los angeles,2006-08-12,81.9,67.7,73.5,82.4,67.7,73.6,60.6,65.3,0,0,0,,0,0,,9.3,229.2,1011,33.8,7.5,,,,,2006-08-12T06:12:15,2006-08-12T19:43:10,0.62,Partially cloudy,Clearing in the afternoon.,partly-cloudy-day,"72288593197,72295023174,72295603167,72288623130,72288023152,72287493134"
los angeles,2006-08-13,80.8,65.9,71.5,81.3,65.9,71.6,59.3,66.6,0,0,0,,0,0,,8.4,228.7,1011.8,38.7,7.6,,,,,2006-08-13T06:12:58,2006-08-13T19:42:05,0.65,Partially cloudy,Clearing in the afternoon.,partly-cloudy-day,"72288593197,72295023174,72295603167,72288623130,72288023152,72287493134"
los angeles,2006-08-14,77.5,65.5,70.4,77.5,65.5,70.4,57.5,64.8,0,0,0,,0,0,,8.5,230,1014.3,37.5,8.5,,,,,2006-08-14T06:13:42,2006-08-14T19:40:59,0.69,Partially cloudy,Clearing in the afternoon.,partly-cloudy-day,"72288593197,72295023174,72295603167,72288623130,72288023152,72287493134"
los angeles,2006-08-15,78.1,64.4,69.6,78.1,64.4,69.6,57.2,65.9,0,0,0,,0,0,,8.4,230.4,1014.3,28.2,9.3,,,,,2006-08-15T06:14:25,2006-08-15T19:39:52,0.75,Partially cloudy,Clearing in the afternoon.,partly-cloudy-day,"72288593197,72295023174,72295603167,72288623130,72288023152,72287493134"
los angeles,2006-08-16,77.9,64.6,70,77.9,64.6,70,57.8,66.3,0,0,0,,0,0,,8.2,228,1015.2,39,8.1,,,,,2006-08-16T06:15:08,2006-08-16T19:38:45,0.76,Partially cloudy,Clearing in the afternoon.,partly-cloudy-day,"72288593197,72295023174,72295603167,72288623130,72288023152,72287493134"
los angeles,2006-08-17,80.6,64.8,71,81,64.8,71,58.5,66.1,0,0,0,,0,0,,8.6,249.7,1015.8,28.7,6.6,,,,,2006-08-17T06:15:51,2006-08-17T19:37:36,0.79,Partially cloudy,Clearing in the afternoon.,partly-cloudy-day,"72288593197,72295023174,72295603167,72288623130,72288023152,72287493134"
los angeles,2006-08-18,79.5,63.8,70.7,79.5,63.8,70.7,59.1,68.3,0,0,0,,0,0,,8,235.7,1015.3,25.4,6.5,,,,,2006-08-18T06:16:34,2006-08-18T19:36:26,0.83,Partially cloudy,Clearing in the afternoon.,partly-cloudy-day,"72288593197,72295023174,72295603167,72288623130,72288023152,72287493134"
los angeles,2006-08-19,77.7,65.3,69.9,77.7,65.3,69.9,59.2,70,0,0,0,,0,0,,8.3,227.7,1014.1,47,7.2,,,,,2006-08-19T06:17:17,2006-08-19T19:35:15,0.86,Partially cloudy,Clearing in the afternoon.,partly-cloudy-day,"72288593197,72295023174,72295603167,72288623130,72288023152,72287493134"
los angeles,2006-08-20,78.6,64.3,69.5,78.6,64.3,69.5,58.4,68.8,0,0,0,,0,0,,9.2,231,1013.4,41,7.9,,,,,2006-08-20T06:18:00,2006-08-20T19:34:04,0.9,Partially cloudy,Clearing in the afternoon.,partly-cloudy-day,"72288593197,72295023174,72295603167,72288623130,72288023152,72287493134"
los angeles,2006-08-21,81.2,63.6,71.1,81.7,63.6,71.2,58.7,66.4,0,0,0,,0,0,,8.4,230,1013,5.1,7.9,,,,,2006-08-21T06:18:43,2006-08-21T19:32:52,0.93,Clear,Clear conditions throughout the day.,clear-day,"72288593197,72295023174,72295603167,72288623130,72288023152,72287493134"
los angeles,2006-08-22,87.4,65.7,74.5,86.9,65.7,74.5,59.1,60.5,0,0,0,,0,0,,8.1,225.7,1013.4,2.4,9.5,,,,,2006-08-22T06:19:26,2006-08-22T19:31:39,0.96,Clear,Clear conditions throughout the day.,clear-day,"72288593197,72295023174,72295603167,72288623130,72288023152,72287493134"
los angeles,2006-08-23,91.3,68.8,76.2,90,68.8,76,58.3,56.1,0,0,0,,0,0,,8,232.2,1014,1.7,9.4,,,,,2006-08-23T06:20:08,2006-08-23T19:30:25,0,Clear,Clear conditions throughout the day.,clear-day,"72288593197,72295023174,72295603167,72288623130,72288023152,72287493134"
los angeles,2006-08-24,86.7,67.8,74.5,87.5,67.8,74.7,60.7,63.4,0,0,0,,0,0,,8.3,221.5,1011.5,2.4,7.4,,,,,2006-08-24T06:20:51,2006-08-24T19:29:10,0.03,Clear,Clear conditions throughout the day.,clear-day,"72288593197,72295023174,72295603167,72288623130,72288023152,72287493134"
los angeles,2006-08-25,82.9,64.7,71.2,82.9,64.7,71.3,59.1,67,0,0,0,,0,0,,7.2,222.3,1010.8,8.9,7.4,,,,,2006-08-25T06:21:33,2006-08-25T19:27:55,0.07,Clear,Clear conditions throughout the day.,clear-day,"72288593197,72295023174,72295603167,72288623130,72288023152,72287493134"
los angeles,2006-08-26,81.4,64.6,71.3,81.7,64.6,71.3,58.2,64.8,0,0,0,,0,0,,8.4,234.9,1011.8,17.6,7.7,,,,,2006-08-26T06:22:15,2006-08-26T19:26:39,0.1,Clear,Clear conditions throughout the day.,clear-day,"72288593197,72295023174,72295603167,72288623130,72288023152,72287493134"
los angeles,2006-08-27,86.1,64.5,74.1,85.1,64.5,73.9,57.6,59.2,0,0,0,,0,0,,8.4,236.5,1011.7,1.4,9.5,,,,,2006-08-27T06:22:58,2006-08-27T19:25:22,0.13,Clear,Clear conditions throughout the day.,clear-day,"72288593197,72295023174,72295603167,72288623130,72288023152,72287493134"
los angeles,2006-08-28,85.6,65.6,73.7,85.1,65.6,73.7,59.1,62.2,0,0,0,,0,0,,7.6,232.4,1010.3,3.2,8.9,,,,,2006-08-28T06:23:40,2006-08-28T19:24:05,0.17,Clear,Clear conditions throughout the day.,clear-day,"72288593197,72295023174,72295603167,72288623130,72288023152,72287493134"
los angeles,2006-08-29,86.6,65.7,74,86.5,65.7,74.1,60.6,64.7,0,0,0,,0,0,,6.8,219.7,1009.1,11.9,6.9,,,,,2006-08-29T06:24:22,2006-08-29T19:22:47,0.2,Clear,Clear conditions throughout the day.,clear-day,"72288593197,72295023174,72295603167,72288623130,72288023152,72287493134"
los angeles,2006-08-30,85.4,68.4,74.2,86.4,68.4,74.5,61.6,65.9,0,0,0,,0,0,,7.6,209.5,1009.3,17.9,6.3,,,,,2006-08-30T06:25:04,2006-08-30T19:21:28,0.23,Clear,Clear conditions throughout the day.,clear-day,"72288593197,72295023174,72295603167,72288623130,72288023152,72287493134"
los angeles,2006-08-31,84.6,66.3,73.4,85.2,66.3,73.7,61.1,66.5,0,0,0,,0,0,,8.8,229.4,1009.8,4.5,6,,,,,2006-08-31T06:25:45,2006-08-31T19:20:09,0.25,Clear,Clear conditions throughout the day.,clear-day,"72288593197,72295023174,72295603167,72288623130,72288023152,72287493134"
los angeles,2006-09-01,83.1,65.5,74.1,82.7,65.5,74.1,59.4,62.1,0,0,0,,0,0,,7.8,233.1,1010.2,2.6,7.2,,,,,2006-09-01T06:26:27,2006-09-01T19:18:50,0.3,Clear,Clear conditions throughout the day.,clear-day,"72288593197,72295023174,72295603167,72288623130,72288023152,72287493134"
los angeles,2006-09-02,87,67.7,76.4,86.2,67.7,76.1,58.2,55.5,0,0,0,,0,0,,7.7,222.9,1008.7,2.8,9.1,,,,,2006-09-02T06:27:09,2006-09-02T19:17:29,0.33,Clear,Clear conditions throughout the day.,clear-day,"72288593197,72295023174,72295603167,72288623130,72288023152,72287493134"
los angeles,2006-09-03,89.9,68.8,78.1,88.3,68.8,77.6,57.4,51.4,0,0,0,,0,0,,7.3,233.6,1008.2,2.8,9.5,,,,,2006-09-03T06:27:50,2006-09-03T19:16:09,0.37,Clear,Clear conditions throughout the day.,clear-day,"72288593197,72295023174,72295603167,72288623130,72288023152,72287493134"
los angeles,2006-09-04,89.6,68.7,77.3,88.3,68.7,76.8,56,49.6,0,0,0,,0,0,,8.5,227.2,1010.1,1.6,9.7,,,,,2006-09-04T06:28:32,2006-09-04T19:14:48,0.4,Clear,Clear conditions throughout the day.,clear-day,"72288593197,72295023174,72295603167,72288623130,72288023152,72287493134"
los angeles,2006-09-05,95.6,69.6,79.1,94.5,69.6,78.7,57,49.1,0,0,0,,0,0,,7.3,238.2,1013.6,2,9.3,,,,,2006-09-05T06:29:13,2006-09-05T19:13:26,0.43,Clear,Clear conditions throughout the day.,clear-day,"72288593197,72295023174,72295603167,72288623130,72288023152,72287493134"
los angeles,2006-09-06,90.5,69.9,76.9,91,69.9,77,59.8,56.9,0,0,0,,0,0,,7.9,221.6,1013.7,3.3,9.5,,,,,2006-09-06T06:29:55,2006-09-06T19:12:05,0.47,Clear,Clear conditions throughout the day.,clear-day,"72288593197,72295023174,72295603167,72288623130,72288023152,72287493134"
los angeles,2006-09-07,83.8,68.6,73.2,84.2,68.6,73.4,61,66.4,0,0,0,,0,0,,7.7,212.1,1010.7,29.7,7.3,,,,,2006-09-07T06:30:36,2006-09-07T19:10:42,0.5,Partially cloudy,Partly cloudy throughout the day.,partly-cloudy-day,"72288593197,72295023174,72295603167,72288623130,72288023152,72287493134"
los angeles,2006-09-08,79,66.3,71.5,79,66.3,71.5,58.8,64.7,0,0,0,,0,0,,9.2,213.1,1011.7,55.3,8.8,,,,,2006-09-08T06:31:18,2006-09-08T19:09:20,0.53,Partially cloudy,Clearing in the afternoon.,partly-cloudy-day,"72288593197,72295023174,72295603167,72288623130,72288023152,72287493134"
los angeles,2006-09-09,77.3,65.6,70.2,77.3,65.6,70.2,56,61.3,0,0,0,,0,0,,8.1,223,1013.6,48.1,9,,,,,2006-09-09T06:31:59,2006-09-09T19:07:57,0.57,Partially cloudy,Clearing in the afternoon.,partly-cloudy-day,"72288593197,72295023174,72295603167,72288623130,72288023152,72287493134"
los angeles,2006-09-10,79.4,63.6,69.7,79.4,63.6,69.7,56.9,64.9,0,0,0,,0,0,,6.5,227.9,1013.7,28.3,7,,,,,2006-09-10T06:32:40,2006-09-10T19:06:34,0.6,Partially cloudy,Clearing in the afternoon.,partly-cloudy-day,"72288593197,72295023174,72295603167,72288623130,72288023152,72287493134"
los angeles,2006-09-11,80.8,64.5,71,81.4,64.5,71.1,59.2,67.7,0,0,0,,0,0,,7.3,245.4,1013.5,14.2,6.6,,,,,2006-09-11T06:33:22,2006-09-11T19:05:11,0.64,Clear,Clear conditions throughout the day.,clear-day,"72288593197,72295023174,72295603167,72288623130,72288023152,72287493134"
los angeles,2006-09-12,80.2,63.1,69.9,81.1,63.1,69.9,59.5,71,0,0,0,,0,0,,9.4,228.4,1012.9,18.7,5.5,,,,,2006-09-12T06:34:03,2006-09-12T19:03:47,0.67,Clear,Clear conditions throughout the day.,clear-day,"72288593197,72295023174,72295603167,72288623130,72288023152,72287493134"
los angeles,2006-09-13,78.6,64.9,69.6,78.6,64.9,69.6,59.8,71.9,0,0,0,,0,0,,6.8,220.7,1010.9,27.9,5.8,,,,,2006-09-13T06:34:44,2006-09-13T19:02:23,0.7,Partially cloudy,Clearing in the afternoon.,partly-cloudy-day,"72288593197,72295023174,72295603167,72288623130,72288023152,72287493134"
los angeles,2006-09-14,72,65.3,68.1,72,65.3,68.1,58,70.3,0,0,0,,0,0,,7.4,204,1008.9,89.9,7.5,,,,,2006-09-14T06:35:26,2006-09-14T19:00:59,0.75,Partially cloudy,Partly cloudy throughout the day.,partly-cloudy-day,"72288593197,72295023174,72295603167,72288623130,72288023152,72287493134"
los angeles,2006-09-15,73.7,64.9,67.9,73.7,64.9,67.9,54.7,63.3,0,0,0,,0,0,,8.3,216.1,1010.5,56.7,9.8,,,,,2006-09-15T06:36:07,2006-09-15T18:59:35,0.77,Partially cloudy,Partly cloudy throughout the day.,partly-cloudy-day,"72288593197,72295023174,72295603167,72288623130,72288023152,72287493134"
los angeles,2006-09-16,77.5,60.2,68.7,77.5,60.2,68.7,51.6,55.8,0,0,0,,0,0,,9.5,235.9,1012.1,4.8,9.9,,,,,2006-09-16T06:36:49,2006-09-16T18:58:11,0.81,Clear,Clear conditions throughout the day.,clear-day,"72288593197,72295023174,72295603167,72288623130,72288023152,72287493134"
los angeles,2006-09-17,88.6,59.8,73.5,85.1,59.8,72.6,48,44.9,0,0,0,,0,0,,8,236.9,1012.6,2.7,9.9,,,,,2006-09-17T06:37:30,2006-09-17T18:56:47,0.84,Clear,Clear conditions throughout the day.,clear-day,"72288593197,72295023174,72295603167,72288623130,72288023152,72287493134"
los angeles,2006-09-18,89.2,62.5,74.9,85.4,62.5,73.9,46.7,41.9,0,0,0,,0,0,,8.3,242,1012.8,1,9,,,,,2006-09-18T06:38:12,2006-09-18T18:55:23,0.87,Clear,Clear conditions throughout the day.,clear-day,"72288593197,72295023174,72295603167,72288623130,72288023152,72287493134"
los angeles,2006-09-19,82.7,62.3,71.4,82.1,62.3,71.2,51.4,50.8,0,0,0,,0,0,,7.5,238.1,1013.1,1.3,8.5,,,,,2006-09-19T06:38:54,2006-09-19T18:53:58,0.91,Clear,Clear conditions throughout the day.,clear-day,"72288593197,72295023174,72295603167,72288623130,72288023152,72287493134"
los angeles,2006-09-20,78.2,62.5,68.4,78.2,62.5,68.4,56.7,67.3,0,0,0,,0,0,,8.1,229.9,1013.3,11.6,7.5,,,,,2006-09-20T06:39:35,2006-09-20T18:52:34,0.94,Clear,Clear conditions throughout the day.,clear-day,"72288593197,72295023174,72295603167,72288623130,72288023152,72287493134"
los angeles,2006-09-21,78.1,60.6,67.9,78.1,60.6,67.9,56.2,67.6,0,0,0,,0,0,,8.1,233.5,1011.5,5.4,7.6,,,,,2006-09-21T06:40:17,2006-09-21T18:51:10,0.98,Clear,Clear conditions throughout the day.,clear-day,"72288593197,72295023174,72295603167,72288623130,72288023152,72287493134"
los angeles,2006-09-22,74,65.1,68.9,74,65.1,68.9,55.2,62.2,0,0,0,,0,0,,7.7,128.2,1008.6,85.9,9.5,,,,,2006-09-22T06:40:59,2006-09-22T18:49:45,0,Partially cloudy,Partly cloudy throughout the day.,partly-cloudy-day,"72288593197,72295023174,72295603167,72288623130,72288023152,72287493134"
los angeles,2006-09-23,79.6,63.6,70.7,79.6,63.6,70.7,56.4,62,0,0,0,,0,0,,7.1,222.8,1012.7,15.1,9.8,,,,,2006-09-23T06:41:41,2006-09-23T18:48:21,0.04,Clear,Clear conditions throughout the day.,clear-day,"72288593197,72295023174,72295603167,72288623130,72288023152,72287493134"
los angeles,2006-09-24,81.3,61.3,70.8,80.9,61.3,70.7,55.6,60.6,0,0,0,,0,0,,8.2,248.3,1014.3,1,9.8,,,,,2006-09-24T06:42:24,2006-09-24T18:46:57,0.08,Clear,Clear conditions throughout the day.,clear-day,"72288593197,72295023174,72295603167,72288623130,72288023152,72287493134"
los angeles,2006-09-25,82.7,62.5,70.1,82.3,62.5,70.1,58.8,69.2,0,0,0,,0,0,,7.1,220.8,1013.9,12.3,8,,,,,2006-09-25T06:43:06,2006-09-25T18:45:33,0.11,Clear,Clear conditions throughout the day.,clear-day,"72288593197,72295023174,72295603167,72288623130,72288023152,72287493134"
los angeles,2006-09-26,76,63.9,68,76,63.9,68,58.5,72.5,0,0,0,,0,0,,9.2,244.8,1016.3,53.6,6.9,,,,,2006-09-26T06:43:49,2006-09-26T18:44:10,0.15,Partially cloudy,Clearing in the afternoon.,partly-cloudy-day,"72288593197,72295023174,72295603167,72288623130,72288023152,72287493134"
los angeles,2006-09-27,79.2,62.5,69,79.2,62.5,69,58.1,69.6,0,0,0,,0,0,,7.9,233.1,1017,24.8,6.4,,,,,2006-09-27T06:44:31,2006-09-27T18:42:46,0.18,Partially cloudy,Clearing in the afternoon.,partly-cloudy-day,"72288593197,72295023174,72295603167,72288623130,72288023152,72287493134"
los angeles,2006-09-28,81.7,59.5,70.2,81.8,59.5,70.2,56.9,65.4,0.001,100,4.17,rain,0,0,,6.3,232.8,1016,10.5,6.5,,,,,2006-09-28T06:45:14,2006-09-28T18:41:23,0.22,Rain,Clear conditions throughout the day with morning rain.,rain,"72288593197,72295023174,72295603167,72288623130,72288023152,72287493134"
los angeles,2006-09-29,81.2,61.4,69.8,81.6,61.4,69.8,56.8,65.4,0,0,0,,0,0,,7.3,234,1014.3,4.8,6.2,,,,,2006-09-29T06:45:57,2006-09-29T18:40:00,0.25,Clear,Clear conditions throughout the day.,clear-day,"72288593197,72295023174,72295603167,72288623130,72288023152,72287493134"
los angeles,2006-09-30,78.1,61.2,68.3,78.1,61.2,68.3,58.8,72.8,0.001,100,4.17,rain,0,0,,6.1,217.2,1013.8,21.6,4.6,,,,,2006-09-30T06:46:41,2006-09-30T18:38:37,0.25,"Rain, Partially cloudy",Clearing in the afternoon with morning rain.,rain,"72288593197,72295023174,72295603167,72288623130,72288023152,72287493134"
los angeles,2006-10-01,77.1,63.8,69.1,77.1,63.8,69.1,58.1,69.1,0.003,100,12.5,rain,0,0,,5.9,254.2,1013.4,13.2,7.5,,,,,2006-10-01T06:47:24,2006-10-01T18:37:14,0.32,Rain,Clear conditions throughout the day with afternoon rain.,rain,"72288593197,72295023174,72295603167,72288623130,72288023152,72287493134"
los angeles,2006-10-02,79.3,66.3,71.3,79.3,66.3,71.3,57.7,63.2,0.01,100,4.17,rain,0,0,,7.5,224.7,1014.6,33.5,9.6,,,,,2006-10-02T06:48:08,2006-10-02T18:35:52,0.35,"Rain, Partially cloudy",Clearing in the afternoon with early morning rain.,rain,"72288593197,72295023174,72295603167,72288623130,72288023152,72287493134"
los angeles,2006-10-03,75.7,62.3,68,75.7,62.3,68,54,62,0,0,0,,0,0,,8.9,229.6,1015.5,3,9.9,,,,,2006-10-03T06:48:52,2006-10-03T18:34:31,0.39,Clear,Clear conditions throughout the day.,clear-day,"72288593197,72295023174,72295603167,72288623130,72288023152,72287493134"
los angeles,2006-10-04,76.3,58.7,66.2,76.3,58.7,66.2,53.3,64.7,0,0,0,,0,0,,7.7,238.7,1014.6,4.9,9.8,,,,,2006-10-04T06:49:36,2006-10-04T18:33:09,0.42,Clear,Clear conditions throughout the day.,clear-day,"72288593197,72295023174,72295603167,72288623130,72288023152,72287493134"
los angeles,2006-10-05,73.9,60.7,65.9,73.9,60.7,65.9,52.6,63.3,0,0,0,,0,0,,8.6,249.1,1013.9,13.8,9.4,,,,,2006-10-05T06:50:21,2006-10-05T18:31:48,0.45,Clear,Clear conditions throughout the day.,clear-day,"72288593197,72295023174,72295603167,72288623130,72288023152,72287493134"
los angeles,2006-10-06,71.8,57.1,63.7,71.8,57.1,63.7,51.2,64.8,0,0,0,,0,0,,8.5,223.7,1014.5,30.4,9.5,,,,,2006-10-06T06:51:06,2006-10-06T18:30:28,0.5,Partially cloudy,Partly cloudy throughout the day.,partly-cloudy-day,"72288593197,72295023174,72295603167,72288623130,72288023152,72287493134"
los angeles,2006-10-07,74.1,60.8,65.5,74.1,60.8,65.5,53,64.7,0,0,0,,0,0,,8.2,236.9,1015.4,29.5,9.6,,,,,2006-10-07T06:51:51,2006-10-07T18:29:08,0.52,Partially cloudy,Clearing in the afternoon.,partly-cloudy-day,"72288593197,72295023174,72295603167,72288623130,72288023152,72287493134"
los angeles,2006-10-08,75.2,57.3,65.1,75.2,57.3,65.1,54.9,70.6,0,0,0,,0,0,,8.8,226.4,1013.7,11.7,6.4,,,,,2006-10-08T06:52:37,2006-10-08T18:27:49,0.55,Clear,Clear conditions throughout the day.,clear-day,"72288593197,72295023174,72295603167,72288623130,72288023152,72287493134"
los angeles,2006-10-09,72.3,62.6,66.7,72.3,62.6,66.7,55.6,67.9,0,0,0,,0,0,,7.1,214.4,1013.6,71.3,6.7,,,,,2006-10-09T06:53:22,2006-10-09T18:26:30,0.59,Partially cloudy,Partly cloudy throughout the day.,partly-cloudy-day,"72288593197,72295023174,72295603167,72288623130,72288023152,72287493134"
los angeles,2006-10-10,72.1,62.3,66.2,72.1,62.3,66.2,54.6,66.8,0,0,0,,0,0,,9.3,236.5,1015.1,42.7,7.8,,,,,2006-10-10T06:54:08,2006-10-10T18:25:11,0.62,Partially cloudy,Partly cloudy throughout the day.,partly-cloudy-day,"72288593197,72295023174,72295603167,72288623130,72288023152,72287493134"
los angeles,2006-10-11,75.6,56.4,64.8,75.6,56.4,64.8,51.7,63.9,0,0,0,,0,0,,8.9,234,1014.3,4,8.5,,,,,2006-10-11T06:54:55,2006-10-11T18:23:54,0.65,Clear,Clear conditions throughout the day.,clear-day,"72288593197,72295023174,72295603167,72288623130,72288023152,72287493134"
los angeles,2006-10-12,73.3,57.3,64.9,73.3,57.3,64.9,51.9,63.8,0,0,0,,0,0,,8.8,241,1012,6.3,9.8,,,,,2006-10-12T06:55:42,2006-10-12T18:22:37,0.69,Clear,Clear conditions throughout the day.,clear-day,"72288593197,72295023174,72295603167,72288623130,72288023152,72287493134"
los angeles,2006-10-13,73.3,62,66.4,73.3,62,66.4,53.7,64.7,0.243,100,8.33,rain,0,0,,7.1,185.4,1010,65.5,9.9,,,,,2006-10-13T06:56:29,2006-10-13T18:21:20,0.75,"Rain, Partially cloudy",Partly cloudy throughout the day with late afternoon rain.,rain,"72288593197,72295023174,72295603167,72288623130,72288023152,72287493134"
los angeles,2006-10-14,72.5,60.3,64.7,72.5,60.3,64.7,54.6,70.7,0.003,100,8.33,rain,0,0,,7.7,226.9,1010.5,63,9.4,,,,,2006-10-14T06:57:16,2006-10-14T18:20:05,0.75,"Rain, Partially cloudy",Partly cloudy throughout the day with rain clearing later.,rain,"72288593197,72295023174,72295603167,72288623130,72288023152,72287493134"
los angeles,2006-10-15,68.2,62.3,64.8,68.2,62.3,64.8,52.7,65,0,0,0,,0,0,,5.5,229.2,1011.1,99.7,9.9,,,,,2006-10-15T06:58:04,2006-10-15T18:18:50,0.79,Overcast,Cloudy skies throughout the day.,cloudy,"72288593197,72295023174,72295603167,72288623130,72288023152,72287493134"
los angeles,2006-10-16,70.5,62,65.3,70.5,62,65.3,54.1,67.5,0,0,0,,0,0,,7,232.4,1009.3,85.6,9.9,,,,,2006-10-16T06:58:52,2006-10-16T18:17:36,0.82,Partially cloudy,Partly cloudy throughout the day.,partly-cloudy-day,"72288593197,72295023174,72295603167,72288623130,72288023152,72287493134"
los angeles,2006-10-17,72,61.9,65.6,72,61.9,65.6,52.9,64.3,0,0,0,,0,0,,8.4,232,1010.5,42.2,9.4,,,,,2006-10-17T06:59:41,2006-10-17T18:16:23,0.85,Partially cloudy,Partly cloudy throughout the day.,partly-cloudy-day,"72288593197,72295023174,72295603167,72288623130,72288023152,72287493134"
los angeles,2006-10-18,81.7,56.9,68.9,79.8,56.9,68.7,43.9,46.2,0,0,0,,0,0,42.5,8.5,285.2,1016,0.5,9.5,,,,,2006-10-18T07:00:30,2006-10-18T18:15:10,0.89,Clear,Clear conditions throughout the day.,clear-day,"72288593197,72295023174,72295603167,72288623130,72288023152,72287493134"
los angeles,2006-10-19,84.7,57.2,69.7,81.6,57.2,69.1,35,31.6,0,0,0,,0,0,,8.4,277.1,1016.1,0,9.9,,,,,2006-10-19T07:01:19,2006-10-19T18:13:59,0.92,Clear,Clear conditions throughout the day.,clear-day,"72288593197,72295023174,72295603167,72288623130,72288023152,72287493134"
los angeles,2006-10-20,85.9,59.4,70.5,82.6,59.4,70.1,40,35.8,0,0,0,,0,0,,7.1,229.1,1010.7,0,9.6,,,,,2006-10-20T07:02:09,2006-10-20T18:12:48,0.95,Clear,Clear conditions throughout the day.,clear-day,"72288593197,72295023174,72295603167,72288623130,72288023152,72287493134"
los angeles,2006-10-21,85.3,59.3,68.6,82.3,59.3,68.3,52,58.9,0,0,0,,0,0,,7.5,251.3,1011.1,4.7,7.1,,,,,2006-10-21T07:02:59,2006-10-21T18:11:38,0,Clear,Clear conditions throughout the day.,clear-day,"72288593197,72295023174,72295603167,72288623130,72288023152,72287493134"
los angeles,2006-10-22,89.4,58.6,69.7,85.5,58.6,69.1,51.3,57.8,0.002,100,8.33,rain,0,0,,6.2,250.5,1013.4,7.1,6.4,,,,,2006-10-22T07:03:49,2006-10-22T18:10:29,0.02,Rain,Clear conditions throughout the day with morning rain.,rain,"72288593197,72295023174,72295603167,72288623130,72288023152,72287493134"
los angeles,2006-10-23,89.3,62.5,72.9,85.3,62.5,72,44,40.4,0,0,0,,0,0,,4.9,228.5,1012.1,4.3,9.5,,,,,2006-10-23T07:04:40,2006-10-23T18:09:22,0.05,Clear,Clear conditions throughout the day.,clear-day,"72288593197,72295023174,72295603167,72288623130,72288023152,72287493134"
los angeles,2006-10-24,76.6,61.5,66.4,76.6,61.5,66.4,55.8,70.2,0,0,0,,0,0,,7.2,215.8,1012.7,29.7,5.2,,,,,2006-10-24T07:05:31,2006-10-24T18:08:15,0.09,Partially cloudy,Clearing in the afternoon.,partly-cloudy-day,"72288593197,72295023174,72295603167,72288623130,72288023152,72287493134"
los angeles,2006-10-25,71.9,60.4,64.2,71.9,60.4,64.2,55.4,73.6,0,0,0,,0,0,,7.6,216,1014.7,57.6,3.1,,,,,2006-10-25T07:06:23,2006-10-25T18:07:09,0.12,Partially cloudy,Partly cloudy throughout the day.,partly-cloudy-day,"72288593197,72295023174,72295603167,72288623130,72288023152,72287493134"
los angeles,2006-10-26,85.1,55.9,69,81.9,55.9,68.4,38.6,42.8,0,0,0,,0,0,32.2,6.5,270.7,1019.8,0.1,7.3,,,,,2006-10-26T07:07:15,2006-10-26T18:06:05,0.16,Clear,Clear conditions throughout the day.,clear-day,"72288593197,72295023174,72295603167,72288623130,72288023152,72287493134"
los angeles,2006-10-27,85.6,55.7,69.8,82.4,55.7,69.1,28.5,25.4,0,0,0,,0,0,,7.6,291.5,1021.2,1.1,9.7,,,,,2006-10-27T07:08:07,2006-10-27T18:05:01,0.19,Clear,Clear conditions throughout the day.,clear-day,"72288593197,72295023174,72295603167,72288623130,72288023152,72287493134"
los angeles,2006-10-28,87,62,71.4,83.5,62,70.7,33,27.5,0,0,0,,0,0,,6.6,266.6,1017.2,3.4,9.9,,,,,2006-10-28T07:09:00,2006-10-28T18:03:59,0.23,Clear,Clear conditions throughout the day.,clear-day,"72288593197,72295023174,72295603167,72288623130,72288023152,72287493134"
los angeles,2006-10-29,72.8,55.1,63.2,72.8,55.1,63.2,50.9,65,0,0,0,,0,0,,5.8,227.5,1014.3,8.2,8.3,,,,,2006-10-29T06:09:53,2006-10-29T17:02:58,0.25,Clear,Clear conditions throughout the day.,clear-day,"72288593197,72295023174,72295603167,72288623130,72288023152,72287493134"
los angeles,2006-10-30,68.8,60.3,63.4,68.8,60.3,63.4,51.9,67.1,0,0,0,,0,0,,6.3,187.7,1015.6,63.8,6.6,,,,,2006-10-30T06:10:47,2006-10-30T17:01:58,0.3,Partially cloudy,Partly cloudy throughout the day.,partly-cloudy-day,"72288593197,72295023174,72295603167,72288623130,72288023152,72287493134"
los angeles,2006-10-31,67.2,59.3,63.1,67.2,59.3,63.1,52.1,67.9,0,0,0,,0,0,,7.1,244.4,1016,58.4,8,,,,,2006-10-31T06:11:40,2006-10-31T17:00:59,0.34,Partially cloudy,Partly cloudy throughout the day.,partly-cloudy-day,"72288593197,72295023174,72295603167,72288623130,72288023152,72287493134"
los angeles,2006-11-01,69.9,55,61.6,69.9,55,61.6,51.4,69.9,0,0,0,,0,0,,7.1,266.3,1017.5,3.5,6.2,,,,,2006-11-01T06:12:35,2006-11-01T17:00:02,0.37,Clear,Clear conditions throughout the day.,clear-day,"72288593197,72295023174,72295603167,72288623130,72288023152,72287493134"
los angeles,2006-11-02,73.8,57.4,64.9,73.8,57.4,64.9,55.5,72.4,0,0,0,,0,0,,6.4,254.2,1017.3,19.5,7,,,,,2006-11-02T06:13:29,2006-11-02T16:59:06,0.41,Clear,Clear conditions throughout the day.,clear-day,"72288593197,72295023174,72295603167,72288623130,72288023152,72287493134"
los angeles,2006-11-03,70.7,61,64.8,70.7,61,64.8,57.8,78.3,0,0,0,,0,0,,6.8,226.9,1016.6,70.2,5.5,,,,,2006-11-03T06:14:24,2006-11-03T16:58:11,0.44,Partially cloudy,Partly cloudy throughout the day.,partly-cloudy-day,"72288593197,72295023174,72295603167,72288623130,72288023152,72287493134"
los angeles,2006-11-04,74.8,59.6,67.2,74.8,59.6,67.2,56.4,69.1,0.001,100,4.17,rain,0,0,30,4.8,351.7,1016.3,16.8,6.4,,,,,2006-11-04T06:15:19,2006-11-04T16:57:18,0.48,Rain,Clear conditions throughout the day with morning rain.,rain,"72288593197,72295023174,72295603167,72288623130,72288023152,72287493134"
los angeles,2006-11-05,87.5,57.7,71.4,83.9,57.7,70.5,43.9,43.5,0,0,0,,0,0,,4.6,278.9,1016.4,4,9.4,,,,,2006-11-05T06:16:14,2006-11-05T16:56:26,0.5,Clear,Clear conditions throughout the day.,clear-day,"72288593197,72295023174,72295603167,72288623130,72288023152,72287493134"
los angeles,2006-11-06,93.7,62.7,75.8,89.1,62.7,74.5,38.4,29.1,0,0,0,,0,0,,8.4,296.3,1016.4,3.4,9.9,,,,,2006-11-06T06:17:10,2006-11-06T16:55:36,0.54,Clear,Clear conditions throughout the day.,clear-day,"72288593197,72295023174,72295603167,72288623130,72288023152,72287493134"
los angeles,2006-11-07,94,65.7,77.3,89.4,65.7,76,38.9,27.4,0,0,0,,0,0,,7.6,265.8,1013.1,1.6,9.9,,,,,2006-11-07T06:18:06,2006-11-07T16:54:47,0.57,Clear,Clear conditions throughout the day.,clear-day,"72288593197,72295023174,72295603167,72288623130,72288023152,72287493134"
los angeles,2006-11-08,83.3,61.7,70.5,81.1,61.7,70.2,48,48.4,0,0,0,,0,0,,7.2,212.1,1009.5,8.5,8.7,,,,,2006-11-08T06:19:02,2006-11-08T16:53:59,0.61,Clear,Clear conditions throughout the day.,clear-day,"72288593197,72295023174,72295603167,72288623130,72288023152,72287493134"
los angeles,2006-11-09,72.8,60.2,65.5,72.8,60.2,65.5,53.6,66.8,0,0,0,,0,0,31.1,6.6,236.4,1012.1,15.8,7.1,,,,,2006-11-09T06:19:58,2006-11-09T16:53:13,0.64,Clear,Clear conditions throughout the day.,clear-day,"72288593197,72295023174,72295603167,72288623130,72288023152,72287493134"
los angeles,2006-11-10,80.3,55.3,65.9,78.8,55.3,65.8,46.8,53.4,0,0,0,,0,0,,6.1,300.6,1015.9,2.5,9.5,,,,,2006-11-10T06:20:55,2006-11-10T16:52:29,0.67,Clear,Clear conditions throughout the day.,clear-day,"72288593197,72295023174,72295603167,72288623130,72288023152,72287493134"
los angeles,2006-11-11,71.5,57.2,62.9,71.5,57.2,62.9,47.6,57.8,0,0,0,,0,0,35.6,6.7,230.8,1014.2,29.5,8.9,,,,,2006-11-11T06:21:51,2006-11-11T16:51:46,0.7,Partially cloudy,Partly cloudy throughout the day.,partly-cloudy-day,"72288593197,72295023174,72295603167,72288623130,72288023152,72287493134"
los angeles,2006-11-12,74.6,54.6,63.8,74.6,54.6,63.8,43.4,49.9,0,0,0,,0,0,30,5.7,303,1016.5,6.5,9.9,,,,,2006-11-12T06:22:48,2006-11-12T16:51:05,0.75,Clear,Clear conditions throughout the day.,clear-day,"72288593197,72295023174,72295603167,72288623130,72288023152,72287493134"
los angeles,2006-11-13,75.5,54.3,63.9,75.5,54.3,63.9,37,39.7,0,0,0,,0,0,,7.7,235,1017.8,2.9,9.9,,,,,2006-11-13T06:23:45,2006-11-13T16:50:25,0.77,Clear,Clear conditions throughout the day.,clear-day,"72288593197,72295023174,72295603167,72288623130,72288023152,72287493134"
los angeles,2006-11-14,71.4,59.6,63.9,71.4,59.6,63.9,54.5,71.8,0,0,0,,0,0,,8.1,89.7,1016.1,34.5,7.1,,,,,2006-11-14T06:24:42,2006-11-14T16:49:47,0.8,Partially cloudy,Clearing in the afternoon.,partly-cloudy-day,"72288593197,72295023174,72295603167,72288623130,72288023152,72287493134"
los angeles,2006-11-15,84.5,55.6,68.3,81.9,55.6,67.9,48.4,55,0,0,0,,0,0,,6,270.5,1014.9,0.7,8.3,,,,,2006-11-15T06:25:39,2006-11-15T16:49:10,0.83,Clear,Clear conditions throughout the day.,clear-day,"72288593197,72295023174,72295603167,72288623130,72288023152,72287493134"
los angeles,2006-11-16,81.1,56.4,67.3,79.4,56.4,67.2,41.8,42.7,0,0,0,,0,0,,5.7,255.3,1013,0,9.9,,,,,2006-11-16T06:26:36,2006-11-16T16:48:36,0.87,Clear,Clear conditions throughout the day.,clear-day,"72288593197,72295023174,72295603167,72288623130,72288023152,72287493134"
los angeles,2006-11-17,77.5,56.1,66.1,77.5,56.1,66.1,50.9,60.1,0,0,0,,0,0,,4.5,232.1,1014.2,0.5,8.7,,,,,2006-11-17T06:27:33,2006-11-17T16:48:03,0.9,Clear,Clear conditions throughout the day.,clear-day,"72288593197,72295023174,72295603167,72288623130,72288023152,72287493134"
los angeles,2006-11-18,81.4,57.8,66.5,80.5,57.8,66.5,54.2,67.6,0,0,0,,0,0,,5.3,253.9,1015.2,5.5,4.8,,,,,2006-11-18T06:28:30,2006-11-18T16:47:32,0.93,Clear,Clear conditions throughout the day.,clear-day,"72288593197,72295023174,72295603167,72288623130,72288023152,72287493134"
los angeles,2006-11-19,88.3,60.6,73,85,60.6,72.2,42.4,36.4,0.001,100,4.17,rain,0,0,,4.3,299.9,1016.2,1.2,9.4,,,,,2006-11-19T06:29:27,2006-11-19T16:47:02,0.96,Rain,Clear conditions throughout the day with early morning rain.,rain,"72288593197,72295023174,72295603167,72288623130,72288023152,72287493134"
los angeles,2006-11-20,88.1,63.5,72.5,84.3,63.5,71.8,36.7,28.9,0,0,0,,0,0,,4.7,26.5,1015.9,1,9.9,,,,,2006-11-20T06:30:24,2006-11-20T16:46:34,0,Clear,Clear conditions throughout the day.,clear-day,"72288593197,72295023174,72295603167,72288623130,72288023152,72287493134"
los angeles,2006-11-21,72.5,58.3,64.1,72.5,58.3,64.1,51.5,64.6,0,0,0,,0,0,,5,147.6,1018.1,32.6,6.7,,,,,2006-11-21T06:31:20,2006-11-21T16:46:08,0.03,Partially cloudy,Clearing in the afternoon.,partly-cloudy-day,"72288593197,72295023174,72295603167,72288623130,72288023152,72287493134"
los angeles,2006-11-22,69.7,59.7,63.4,69.7,59.7,63.4,53.9,71.5,0,0,0,,0,0,,4.1,242,1019.1,39.4,3.1,,,,,2006-11-22T06:32:17,2006-11-22T16:45:44,0.07,Partially cloudy,Clearing in the afternoon.,partly-cloudy-day,"72288593197,72295023174,72295603167,72288623130,72288023152,72287493134"
los angeles,2006-11-23,70.5,57.2,62.6,70.5,57.2,62.6,52.9,71.4,0,0,0,,0,0,,6.3,280.1,1017.3,15.2,3.4,,,,,2006-11-23T06:33:13,2006-11-23T16:45:22,0.1,Clear,Clear conditions throughout the day.,clear-day,"72288593197,72295023174,72295603167,72288623130,72288023152,72287493134"
los angeles,2006-11-24,68.1,53.4,60.5,68.1,53.4,60.5,51.1,71.4,0,0,0,,0,0,,6.6,201.6,1014.9,54.1,4.1,,,,,2006-11-24T06:34:09,2006-11-24T16:45:02,0.14,Partially cloudy,Partly cloudy throughout the day.,partly-cloudy-day,"72288593197,72295023174,72295603167,72288623130,72288023152,72287493134"
los angeles,2006-11-25,67.8,55.9,60.8,67.8,55.9,60.8,48.9,65.9,0,0,0,,0,0,,6.9,247,1014.1,26.4,7.2,,,,,2006-11-25T06:35:04,2006-11-25T16:44:43,0.17,Partially cloudy,Partly cloudy throughout the day.,partly-cloudy-day,"72288593197,72295023174,72295603167,72288623130,72288023152,72287493134"
los angeles,2006-11-26,65.3,51,58,65.3,51,58,45,62.5,0,0,0,,0,0,,4.3,222.1,1015.4,27.1,9.5,,,,,2006-11-26T06:36:00,2006-11-26T16:44:26,0.21,Partially cloudy,Partly cloudy throughout the day.,partly-cloudy-day,"72288593197,72295023174,72295603167,72288623130,72288023152,72287493134"
los angeles,2006-11-27,63.7,54.4,58.1,63.7,54.4,58.1,47.9,69.5,0.172,100,29.17,rain,0,0,35.6,6.9,254.2,1015.4,60.2,8.9,,,,,2006-11-27T06:36:54,2006-11-27T16:44:11,0.25,"Rain, Partially cloudy",Partly cloudy throughout the day with a chance of rain throughout the day.,rain,"72288593197,72295023174,72295603167,72288623130,72288023152,72287493134"
los angeles,2006-11-28,64.2,51,56.7,64.2,51,56.7,34.3,47.4,0,0,0,,0,0,30,8.5,320.2,1015.7,7.6,9.9,,,,,2006-11-28T06:37:49,2006-11-28T16:43:58,0.28,Clear,Clear conditions throughout the day.,clear-day,"72288593197,72295023174,72295603167,72288623130,72288023152,72287493134"
los angeles,2006-11-29,65.9,48.1,56.2,65.9,46.7,56.1,23,28,0,0,0,,0,0,35.6,5.9,333.4,1020.8,0.6,9.7,,,,,2006-11-29T06:38:43,2006-11-29T16:43:47,0.32,Clear,Clear conditions throughout the day.,clear-day,"72288593197,72295023174,72295603167,72288623130,72288023152,72287493134"
los angeles,2006-11-30,65.6,43.3,54.4,65.6,43.3,54.4,16.5,24.7,0,0,0,,0,0,31.1,5.7,8.6,1027,0.1,9.9,,,,,2006-11-30T06:39:36,2006-11-30T16:43:38,0.35,Clear,Clear conditions throughout the day.,clear-day,"72288593197,72295023174,72295603167,72288623130,72288023152,72287493134"
los angeles,2006-12-01,73.1,48.6,59.3,73.1,48.6,59.3,22.9,28.7,0,0,0,,0,0,30,5.3,314.7,1019.3,0.9,9.9,,,,,2006-12-01T06:40:29,2006-12-01T16:43:31,0.39,Clear,Clear conditions throughout the day.,clear-day,"72288593197,72295023174,72295603167,72288623130,72288023152,72287493134"
los angeles,2006-12-02,79.1,47.9,62.3,79.1,47.9,62.3,26.3,30.2,0,0,0,,0,0,,5.6,333.6,1019.6,1.1,9.9,,,,,2006-12-02T06:41:21,2006-12-02T16:43:25,0.42,Clear,Clear conditions throughout the day.,clear-day,"72288593197,72295023174,72295603167,72288623130,72288023152,72287493134"
los angeles,2006-12-03,77.1,46.4,61.1,77.1,46.4,61.1,16,21.5,0,0,0,,0,0,35.6,4.7,17.6,1024.2,1.3,9.9,,,,,2006-12-03T06:42:12,2006-12-03T16:43:22,0.46,Clear,Clear conditions throughout the day.,clear-day,"72288593197,72295023174,72295603167,72288623130,72288023152,72287493134"
los angeles,2006-12-04,78.6,51.7,63.3,78.6,51.7,63.3,10.7,13.5,0,0,0,,0,0,33.3,6.5,7.1,1020.7,0,9.9,,,,,2006-12-04T06:43:03,2006-12-04T16:43:20,0.5,Clear,Clear conditions throughout the day.,clear-day,"72288593197,72295023174,72295603167,72288623130,72288023152,72287493134"
los angeles,2006-12-05,75.3,49.3,60.5,75.3,49.3,60.5,24,30.7,0,0,0,,0,0,,7.2,325.6,1020.4,0.5,9.6,,,,,2006-12-05T06:43:53,2006-12-05T16:43:21,0.53,Clear,Clear conditions throughout the day.,clear-day,"72288593197,72295023174,72295603167,72288623130,72288023152,72287493134"
los angeles,2006-12-06,73.7,44.3,57.5,73.7,44.3,57.5,38.1,54.4,0.001,100,4.17,rain,0,0,,4.5,261.3,1020.8,1.8,8.3,,,,,2006-12-06T06:44:42,2006-12-06T16:43:23,0.56,Rain,Clear conditions throughout the day with early morning rain.,rain,"72288593197,72295023174,72295603167,72288623130,72288023152,72287493134"
los angeles,2006-12-07,79.3,46,60.5,79.3,46,60.5,38.2,49.9,0.002,100,8.33,rain,0,0,,4.6,289.9,1019.1,0.6,8.9,,,,,2006-12-07T06:45:30,2006-12-07T16:43:27,0.59,Rain,Clear conditions throughout the day with early morning rain.,rain,"72288593197,72295023174,72295603167,72288623130,72288023152,72287493134"
los angeles,2006-12-08,77.5,52.5,63.5,77.5,52.5,63.5,36.9,42.1,0,0,0,,0,0,,7.3,190.5,1017.2,18.8,8.8,,,,,2006-12-08T06:46:17,2006-12-08T16:43:33,0.62,Clear,Clear conditions throughout the day.,clear-day,"72288593197,72295023174,72295603167,72288623130,72288023152,72287493134"
los angeles,2006-12-09,66.6,56.2,60.7,66.6,56.2,60.7,51.2,71.4,0.127,100,12.5,rain,0,0,32.2,8.2,196.1,1018,68,6,,,,,2006-12-09T06:47:03,2006-12-09T16:43:41,0.65,"Rain, Partially cloudy",Partly cloudy throughout the day with late afternoon rain.,rain,"72288593197,72295023174,72295603167,72288623130,72288023152,72287493134"
los angeles,2006-12-10,63.9,51.1,57.6,63.9,51.1,57.6,48.2,72.4,0.259,100,20.83,rain,0,0,33.3,8.6,275.7,1021.6,51.8,9.4,,,,,2006-12-10T06:47:49,2006-12-10T16:43:51,0.69,"Rain, Partially cloudy",Becoming cloudy in the afternoon with rain clearing later.,rain,"72288593197,72295023174,72295603167,72288623130,72288023152,72287493134"
los angeles,2006-12-11,66.7,52.8,58.7,66.7,52.8,58.7,48.2,69.3,0.001,100,4.17,rain,0,0,,6.6,257,1026.4,24,9.7,,,,,2006-12-11T06:48:33,2006-12-11T16:44:02,0.72,"Rain, Partially cloudy",Partly cloudy throughout the day with morning rain.,rain,"72288593197,72295023174,72295603167,72288623130,72288023152,72287493134"
los angeles,2006-12-12,69,50.3,59.6,69,50.3,59.6,43.9,58,0,0,0,,0,0,32.2,6.6,278.5,1025.7,4.2,9.8,,,,,2006-12-12T06:49:16,2006-12-12T16:44:16,0.75,Clear,Clear conditions throughout the day.,clear-day,"72288593197,72295023174,72295603167,72288623130,72288023152,72287493134"
los angeles,2006-12-13,73.6,52.7,62.2,73.6,52.7,62.2,45,55.1,0,0,0,,0,0,,5.3,270.2,1022.8,3.3,8.9,,,,,2006-12-13T06:49:58,2006-12-13T16:44:31,0.78,Clear,Clear conditions throughout the day.,clear-day,"72288593197,72295023174,72295603167,72288623130,72288023152,72287493134"
los angeles,2006-12-14,76.7,53.9,63.8,76.7,53.9,63.8,47.5,57.9,0,0,0,,0,0,,5.3,260.3,1018.5,3.9,9.5,,,,,2006-12-14T06:50:38,2006-12-14T16:44:48,0.82,Clear,Clear conditions throughout the day.,clear-day,"72288593197,72295023174,72295603167,72288623130,72288023152,72287493134"
los angeles,2006-12-15,64.9,52.5,58.4,64.9,52.5,58.4,51.4,77.6,0.001,100,4.17,rain,0,0,,5,145.8,1014.9,44.5,4.9,,,,,2006-12-15T06:51:18,2006-12-15T16:45:07,0.85,"Rain, Partially cloudy",Partly cloudy throughout the day with morning rain.,rain,"72288593197,72295023174,72295603167,72288623130,72288023152,72287493134"
los angeles,2006-12-16,60.3,49.3,56.9,60.3,49.3,56.9,45.5,66,0.126,100,29.17,rain,0,0,30,10.5,179.9,1011,92.9,8,,,,,2006-12-16T06:51:56,2006-12-16T16:45:27,0.88,"Rain, Overcast",Cloudy skies throughout the day with rain.,rain,"72288593197,72295023174,72295603167,72288623130,72288023152,72287493134"
los angeles,2006-12-17,57.7,44.1,50.8,57.7,44.1,50.8,36.3,59.2,0,0,0,,0,0,,4.3,293.9,1018.5,23.3,9.9,,,,,2006-12-17T06:52:33,2006-12-17T16:45:49,0.91,Partially cloudy,Partly cloudy throughout the day.,partly-cloudy-day,"72288593197,72295023174,72295603167,72288623130,72288023152,72287493134"
los angeles,2006-12-18,60.6,43.1,51.7,60.6,43.1,51.7,23.7,36.2,0,0,0,,0,0,43.6,7.4,9.8,1020.7,2.3,9.9,,,,,2006-12-18T06:53:08,2006-12-18T16:46:14,0.94,Clear,Clear conditions throughout the day.,clear-day,"72288593197,72295023174,72295603167,72288623130,72288023152,72287493134"
los angeles,2006-12-19,62.3,41.6,51.4,62.3,41.6,51.4,24.9,37,0,0,0,,0,0,,8.1,288.6,1023.4,0.4,9.7,,,,,2006-12-19T06:53:42,2006-12-19T16:46:39,0.98,Clear,Clear conditions throughout the day.,clear-day,"72288593197,72295023174,72295603167,72288623130,72288023152,72287493134"
los angeles,2006-12-20,61.6,41.6,51.1,61.6,41.6,51.1,31.2,48.1,0,0,0,,0,0,,5.9,269.4,1024.8,2.3,9.7,,,,,2006-12-20T06:54:15,2006-12-20T16:47:07,0,Clear,Clear conditions throughout the day.,clear-day,"72288593197,72295023174,72295603167,72288623130,72288023152,72287493134"
los angeles,2006-12-21,61.7,43.1,52.4,61.7,43.1,52.4,37.2,57.2,0,0,0,,0,0,,7.7,284.6,1022.5,4.3,9.8,,,,,2006-12-21T06:54:46,2006-12-21T16:47:36,0.04,Clear,Clear conditions throughout the day.,clear-day,"72288593197,72295023174,72295603167,72288623130,72288023152,72287493134"
los angeles,2006-12-22,66.1,50.2,57.1,66.1,50.2,57.1,34.8,47.3,0.027,100,20.83,rain,0,0,36.5,12.3,325.5,1019.4,22.4,9.1,,,,,2006-12-22T06:55:16,2006-12-22T16:48:06,0.08,"Rain, Partially cloudy",Clearing in the afternoon with a chance of rain throughout the day.,rain,"72288593197,72295023174,72295603167,72288623130,72288023152,72287493134"
los angeles,2006-12-23,71.7,45.8,57.7,71.7,45.8,57.7,30.2,38.7,0,0,0,,0,0,34.4,5.8,330.9,1023.2,3.3,9.9,,,,,2006-12-23T06:55:44,2006-12-23T16:48:38,0.12,Clear,Clear conditions throughout the day.,clear-day,"72288593197,72295023174,72295603167,72288623130,72288023152,72287493134"
los angeles,2006-12-24,74.6,48,59.1,74.6,48,59.1,34.8,44.7,0,0,0,,0,0,,5.3,329.6,1024.1,2.4,9.3,,,,,2006-12-24T06:56:10,2006-12-24T16:49:12,0.15,Clear,Clear conditions throughout the day.,clear-day,"72288593197,72295023174,72295603167,72288623130,72288023152,72287493134"
los angeles,2006-12-25,78.5,54.8,63.5,78.5,54.8,63.5,29.7,30.1,0,0,0,,0,0,,5.2,339.2,1023.6,2.8,9.9,,,,,2006-12-25T06:56:35,2006-12-25T16:49:47,0.19,Clear,Clear conditions throughout the day.,clear-day,"72288593197,72295023174,72295603167,72288623130,72288023152,72287493134"
los angeles,2006-12-26,70.6,50.4,59.2,70.6,50.4,59.2,38.3,48.3,0,0,0,,0,0,,1.3,295.4,1019.9,7.5,9.5,,,,,2006-12-26T06:56:58,2006-12-26T16:50:24,0.22,Clear,Clear conditions throughout the day.,clear-day,"72288593197,72295023174,72295603167,72288623130,72288023152,72287493134"
los angeles,2006-12-27,63.7,54.6,57.9,63.7,54.6,57.9,42,57.7,0.2,100,25,rain,0,0,42.8,13.1,303.6,1011.3,34.9,8.6,,,,,2006-12-27T06:57:20,2006-12-27T16:51:02,0.25,"Rain, Partially cloudy",Partly cloudy throughout the day with a chance of rain throughout the day.,rain,"72288593197,72295023174,72295603167,72288623130,72288023152,72287493134"
los angeles,2006-12-28,69.2,48.3,58.5,69.2,48.3,58.5,23.6,28.6,0,0,0,,0,0,46.1,9,343.4,1010.3,0.7,9.9,,,,,2006-12-28T06:57:40,2006-12-28T16:51:41,0.29,Clear,Clear conditions throughout the day.,clear-day,"72288593197,72295023174,72295603167,72288623130,72288023152,72287493134"
los angeles,2006-12-29,69.7,46.5,57.1,69.7,46.3,57,31.8,41.2,0,0,0,,0,0,,5.6,311.4,1018.6,1.1,9.7,,,,,2006-12-29T06:57:58,2006-12-29T16:52:22,0.33,Clear,Clear conditions throughout the day.,clear-day,"72288593197,72295023174,72295603167,72288623130,72288023152,72287493134"
los angeles,2006-12-30,66.7,43.5,54.2,66.7,43.5,54.2,40.7,62.3,0,0,0,,0,0,,5.2,237.2,1022,1.8,9.2,,,,,2006-12-30T06:58:14,2006-12-30T16:53:04,0.37,Clear,Clear conditions throughout the day.,clear-day,"72288593197,72295023174,72295603167,72288623130,72288023152,72287493134"
los angeles,2006-12-31,62.9,44.2,53.7,62.9,44.2,53.7,42.6,67.4,0,0,0,,0,0,,5.2,243.5,1022.5,18.6,7.9,,,,,2006-12-31T06:58:29,2006-12-31T16:53:47,0.4,Clear,Clear conditions throughout the day.,clear-day,"72288593197,72295023174,72295603167,72288623130,72288023152,72287493134"
los angeles,2007-01-01,66.2,46.4,56.2,66.2,46.4,56.2,40.3,57.3,0,0,0,,0,0,36.9,7.4,2,1018.2,7.1,6.2,,,,,2007-01-01T06:58:42,2007-01-01T16:54:32,0.44,Clear,Clear conditions throughout the day.,clear-day,"72288593197,72295023174,72295603167,72288623130,72288023152,72287493134"
los angeles,2007-01-02,73.5,48.5,59.6,73.5,48.5,59.6,33.6,40.3,0,0,0,,0,0,45,6,3.6,1018.2,4.5,9.4,,,,,2007-01-02T06:58:53,2007-01-02T16:55:17,0.47,Clear,Clear conditions throughout the day.,clear-day,"72288593197,72295023174,72295603167,72288623130,72288023152,72287493134"
los angeles,2007-01-03,71.8,50.7,59.7,71.8,50.7,59.7,39.3,50,0,0,0,,0,0,,4.4,153,1018.3,8.8,9.1,,,,,2007-01-03T06:59:02,2007-01-03T16:56:04,0.5,Clear,Clear conditions throughout the day.,clear-day,"72288593197,72295023174,72295603167,72288623130,72288023152,72287493134"
los angeles,2007-01-04,62.2,55.1,57.8,62.2,55.1,57.8,47.6,69.7,0.007,100,16.67,rain,0,0,34.4,6.2,210.3,1017.8,81.6,6.8,,,,,2007-01-04T06:59:10,2007-01-04T16:56:52,0.54,"Rain, Partially cloudy",Partly cloudy throughout the day with rain.,rain,"72288593197,72295023174,72295603167,72288623130,72288023152,72287493134"
los angeles,2007-01-05,64.4,48.9,56.5,64.4,44,55.7,12.3,22.9,0,0,0,,0,0,42.9,15,354.3,1020,8.3,9.9,,,,,2007-01-05T06:59:15,2007-01-05T16:57:41,0.57,Clear,Clear conditions throughout the day.,clear-day,"72288593197,72295023174,72295603167,72288623130,72288023152,72287493134"
los angeles,2007-01-06,67.4,44.2,54.4,67.4,42.8,54.2,21.6,31.4,0,0,0,,0,0,34.4,6.2,37.9,1024.9,0.7,9.8,,,,,2007-01-06T06:59:19,2007-01-06T16:58:31,0.6,Clear,Clear conditions throughout the day.,clear-day,"72288593197,72295023174,72295603167,72288623130,72288023152,72287493134"
los angeles,2007-01-07,75.3,47.7,60.5,75.3,47.7,60.5,28.7,31.9,0,0,0,,0,0,41.4,5.2,1.7,1024.8,0.1,9.9,,,,,2007-01-07T06:59:21,2007-01-07T16:59:21,0.64,Clear,Clear conditions throughout the day.,clear-day,"72288593197,72295023174,72295603167,72288623130,72288023152,72287493134"
los angeles,2007-01-08,86.9,50.6,67,83.5,50.6,66.2,24.3,24.3,0,0,0,,0,0,39.1,6.2,0.5,1021,0.2,9.8,,,,,2007-01-08T06:59:21,2007-01-08T17:00:13,0.67,Clear,Clear conditions throughout the day.,clear-day,"72288593197,72295023174,72295603167,72288623130,72288023152,72287493134"
los angeles,2007-01-09,83.9,56.6,68.2,81,56.6,67.8,27.5,23.5,0,0,0,,0,0,,5.3,27.7,1017.5,2,9.9,,,,,2007-01-09T06:59:19,2007-01-09T17:01:05,0.7,Clear,Clear conditions throughout the day.,clear-day,"72288593197,72295023174,72295603167,72288623130,72288023152,72287493134"
los angeles,2007-01-10,69.8,52.4,60.6,69.8,52.4,60.6,39.4,49.3,0,0,0,,0,0,,5.9,135.9,1014.6,18.2,9.5,,,,,2007-01-10T06:59:15,2007-01-10T17:01:59,0.73,Clear,Clear conditions throughout the day.,clear-day,"72288593197,72295023174,72295603167,72288623130,72288023152,72287493134"
los angeles,2007-01-11,60.7,52.2,56.7,60.7,52.2,56.7,43.8,61.9,0,0,0,,0,0,,7.9,167.9,1012.5,87.8,9.4,,,,,2007-01-11T06:59:10,2007-01-11T17:02:53,0.75,Partially cloudy,Partly cloudy throughout the day.,partly-cloudy-day,"72288593197,72295023174,72295603167,72288623130,72288023152,72287493134"
los angeles,2007-01-12,55.2,44.4,50.6,55.2,44.4,50.2,12.5,22.6,0,0,0,,0,0,,8.9,323.1,1014.7,17.6,9.9,,,,,2007-01-12T06:59:02,2007-01-12T17:03:47,0.8,Clear,Clear conditions throughout the day.,clear-day,"72288593197,72295023174,72295603167,72288623130,72288023152,72287493134"
los angeles,2007-01-13,55.2,38.8,46.3,55.2,38.8,46.3,5.4,19.9,0,0,0,,0,0,31.1,6.9,2,1021,1.3,9.9,,,,,2007-01-13T06:58:53,2007-01-13T17:04:43,0.83,Clear,Clear conditions throughout the day.,clear-day,"72288593197,72295023174,72295603167,72288623130,72288023152,72287493134"
los angeles,2007-01-14,55.1,36.6,45.4,55.1,36.6,45.2,10.6,25.1,0,0,0,,0,0,,5.5,28.2,1024,0.6,9.8,,,,,2007-01-14T06:58:42,2007-01-14T17:05:38,0.86,Clear,Clear conditions throughout the day.,clear-day,"72288593197,72295023174,72295603167,72288623130,72288023152,72287493134"
los angeles,2007-01-15,59.8,37.6,48.1,59.8,37.6,48.1,21.8,37.4,0,0,0,,0,0,40.3,6.3,238,1026.3,0,9.8,,,,,2007-01-15T06:58:29,2007-01-15T17:06:35,0.89,Clear,Clear conditions throughout the day.,clear-day,"72288593197,72295023174,72295603167,72288623130,72288023152,72287493134"
los angeles,2007-01-16,62.8,38.2,50.2,62.8,38.2,50.2,25.2,40.8,0,0,0,,0,0,32.2,6.9,259.7,1022.6,0,9.8,,,,,2007-01-16T06:58:14,2007-01-16T17:07:32,0.93,Clear,Clear conditions throughout the day.,clear-day,"72288593197,72295023174,72295603167,72288623130,72288023152,72287493134"
los angeles,2007-01-17,56.7,44.6,50.2,56.7,41.9,49.4,29,44.6,0.02,100,20.83,rain,0,0,,7.9,80,1019.6,38.1,9.7,,,,,2007-01-17T06:57:57,2007-01-17T17:08:29,0.96,"Rain, Partially cloudy",Partly cloudy throughout the day with rain in the morning and afternoon.,rain,"72288593197,72295023174,72295603167,72288623130,72288023152,72287493134"
los angeles,2007-01-18,68.3,40.1,53.6,68.3,40.1,53.6,22.6,35.4,0,0,0,,0,0,36.6,6.6,302.8,1019.2,1.2,9.9,,,,,2007-01-18T06:57:39,2007-01-18T17:09:27,0,Clear,Clear conditions throughout the day.,clear-day,"72288593197,72295023174,72295603167,72288623130,72288023152,72287493134"
los angeles,2007-01-19,69.2,46,57.3,69.2,46,57.3,29.6,37.5,0,0,0,,0,0,32.2,9.1,19.5,1016.4,2.4,9.9,,,,,2007-01-19T06:57:18,2007-01-19T17:10:25,0.02,Clear,Clear conditions throughout the day.,clear-day,"72288593197,72295023174,72295603167,72288623130,72288023152,72287493134"
los angeles,2007-01-20,60.3,49.6,54.8,60.3,48,54.6,37.7,52.9,0,0,0,,0,0,,5.8,104.8,1018.6,38.9,9.9,,,,,2007-01-20T06:56:56,2007-01-20T17:11:23,0.06,Partially cloudy,Becoming cloudy in the afternoon.,partly-cloudy-day,"72288593197,72295023174,72295603167,72288623130,72288023152,72287493134"
los angeles,2007-01-21,65.3,44.4,54.2,65.3,44.4,54.2,34.9,52.4,0,0,0,,0,0,38,7.1,290.8,1018.9,2.6,9.4,,,,,2007-01-21T06:56:32,2007-01-21T17:12:22,0.09,Clear,Clear conditions throughout the day.,clear-day,"72288593197,72295023174,72295603167,72288623130,72288023152,72287493134"
los angeles,2007-01-22,67.6,43.8,55.4,67.6,43.8,55.3,27.9,38.4,0,0,0,,0,0,30,6.7,276.5,1022.5,0.4,9.9,,,,,2007-01-22T06:56:07,2007-01-22T17:13:21,0.13,Clear,Clear conditions throughout the day.,clear-day,"72288593197,72295023174,72295603167,72288623130,72288023152,72287493134"
los angeles,2007-01-23,70,44.7,56.2,70,44.7,56.2,26.9,36.4,0,0,0,,0,0,,6.1,242.6,1023.5,0.6,9.8,,,,,2007-01-23T06:55:39,2007-01-23T17:14:20,0.17,Clear,Clear conditions throughout the day.,clear-day,"72288593197,72295023174,72295603167,72288623130,72288023152,72287493134"
los angeles,2007-01-24,74.9,44.5,57.6,74.9,44.5,57.6,36.5,49.8,0,0,0,,0,0,,8.3,256.9,1021.3,0.2,9.3,,,,,2007-01-24T06:55:10,2007-01-24T17:15:20,0.2,Clear,Clear conditions throughout the day.,clear-day,"72288593197,72295023174,72295603167,72288623130,72288023152,72287493134"
los angeles,2007-01-25,78.1,47.5,61,78.1,47.5,61,32.5,39.1,0,0,0,,0,0,,7.2,272.5,1019.5,0,9.6,,,,,2007-01-25T06:54:39,2007-01-25T17:16:19,0.25,Clear,Clear conditions throughout the day.,clear-day,"72288593197,72295023174,72295603167,72288623130,72288023152,72287493134"
los angeles,2007-01-26,66.6,47.3,56.5,66.6,47.3,56.5,41.2,57.5,0,0,0,,0,0,,6.2,214.6,1017.2,16.1,9.4,,,,,2007-01-26T06:54:07,2007-01-26T17:17:19,0.27,Clear,Clear conditions throughout the day.,clear-day,"72288593197,72295023174,72295603167,72288623130,72288023152,72287493134"
los angeles,2007-01-27,60.2,54,56.4,60.2,54,56.4,46.8,70.6,0.12,100,37.5,rain,0,0,,6.3,124.8,1018.7,88.4,8.5,,,,,2007-01-27T06:53:32,2007-01-27T17:18:18,0.31,"Rain, Partially cloudy",Partly cloudy throughout the day with rain.,rain,"72288593197,72295023174,72295603167,72288623130,72288023152,72287493134"
los angeles,2007-01-28,64.5,52.8,57.2,64.5,52.8,57.2,43.9,62.3,0.001,100,4.17,rain,0,0,,5.6,103.8,1018.5,49.2,9.3,,,,,2007-01-28T06:52:56,2007-01-28T17:19:18,0.34,"Rain, Partially cloudy",Clearing in the afternoon with early morning rain.,rain,"72288593197,72295023174,72295603167,72288623130,72288023152,72287493134"
los angeles,2007-01-29,63.8,50.4,56.9,63.8,50.4,56.9,45.9,67.9,0,0,0,,0,0,,8,249.8,1016.8,15.9,8.1,,,,,2007-01-29T06:52:19,2007-01-29T17:20:18,0.38,Clear,Clear conditions throughout the day.,clear-day,"72288593197,72295023174,72295603167,72288623130,72288023152,72287493134"
los angeles,2007-01-30,59.1,53.2,56.2,59.1,53.2,56.2,48.3,74.8,0.042,100,33.33,rain,0,0,,6,175.1,1015.3,83.8,7.9,,,,,2007-01-30T06:51:40,2007-01-30T17:21:17,0.41,"Rain, Partially cloudy",Partly cloudy throughout the day with rain.,rain,"72288593197,72295023174,72295603167,72288623130,72288023152,72287493134"
los angeles,2007-01-31,61.7,51.7,55.9,61.7,51.7,55.9,45.2,68,0.002,100,8.33,rain,0,0,,6.2,229.6,1014.5,79.9,9.4,,,,,2007-01-31T06:50:59,2007-01-31T17:22:17,0.45,"Rain, Partially cloudy",Partly cloudy throughout the day with rain clearing later.,rain,"72288593197,72295023174,72295603167,72288623130,72288023152,72287493134"
los angeles,2007-02-01,60.4,51.9,56.4,60.4,51.9,56.4,44.5,64.8,0,0,0,,0,0,,5.8,240,1015.8,71.3,9.8,,,,,2007-02-01T06:50:17,2007-02-01T17:23:16,0.5,Partially cloudy,Partly cloudy throughout the day.,partly-cloudy-day,"72288593197,72295023174,72295603167,72288623130,72288023152,72287493134"
los angeles,2007-02-02,64.6,47.5,55.6,64.6,47.5,55.6,43,64.3,0,0,0,,0,0,,7.4,265.2,1020.5,3.2,8.2,,,,,2007-02-02T06:49:33,2007-02-02T17:24:16,0.52,Clear,Clear conditions throughout the day.,clear-day,"72288593197,72295023174,72295603167,72288623130,72288023152,72287493134"
los angeles,2007-02-03,70.4,46.1,57.4,70.4,46.1,57.4,40.3,56.6,0,0,0,,0,0,,7.9,277,1023.8,1.8,8.9,,,,,2007-02-03T06:48:47,2007-02-03T17:25:15,0.55,Clear,Clear conditions throughout the day.,clear-day,"72288593197,72295023174,72295603167,72288623130,72288023152,72287493134"
los angeles,2007-02-04,84.7,52.3,66,81.7,52.3,65.4,30.3,31.3,0,0,0,,0,0,,6.5,339.1,1021.2,2.8,9.8,,,,,2007-02-04T06:48:01,2007-02-04T17:26:14,0.58,Clear,Clear conditions throughout the day.,clear-day,"72288593197,72295023174,72295603167,72288623130,72288023152,72287493134"
los angeles,2007-02-05,86.9,58.2,68.5,83.3,58.2,68.1,35.7,32.5,0,0,0,,0,0,,5.8,276.7,1019.3,5.8,9.9,,,,,2007-02-05T06:47:12,2007-02-05T17:27:13,0.62,Clear,Clear conditions throughout the day.,clear-day,"72288593197,72295023174,72295603167,72288623130,72288023152,72287493134"
los angeles,2007-02-06,75.9,53.3,62.4,75.9,53.3,62.4,47.3,60.1,0,0,0,,0,0,,5.1,228.3,1018.7,8.5,6.3,,,,,2007-02-06T06:46:23,2007-02-06T17:28:11,0.65,Clear,Clear conditions throughout the day.,clear-day,"72288593197,72295023174,72295603167,72288623130,72288023152,72287493134"
los angeles,2007-02-07,66.1,50.5,56.7,66.1,50.5,56.7,48.2,74.2,0.003,100,4.17,rain,0,0,,6.8,238.5,1018.4,35.2,3.5,,,,,2007-02-07T06:45:32,2007-02-07T17:29:10,0.68,"Rain, Partially cloudy",Clearing in the afternoon with morning rain.,rain,"72288593197,72295023174,72295603167,72288623130,72288023152,72287493134"
los angeles,2007-02-08,67.7,49.3,57.4,67.7,49.3,57.4,45.3,66.4,0,0,0,,0,0,,4.6,243.9,1019.5,17.8,3.7,,,,,2007-02-08T06:44:39,2007-02-08T17:30:08,0.71,Clear,Clear conditions throughout the day.,clear-day,"72288593197,72295023174,72295603167,72288623130,72288023152,72287493134"
los angeles,2007-02-09,67.9,53.2,59.5,67.9,53.2,59.5,47.7,66.4,0,0,0,,0,0,,7.5,250.1,1020.2,11.1,5.8,,,,,2007-02-09T06:43:45,2007-02-09T17:31:06,0.75,Clear,Clear conditions throughout the day.,clear-day,"72288593197,72295023174,72295603167,72288623130,72288023152,72287493134"
los angeles,2007-02-10,68.3,53.3,59.9,68.3,53.3,59.9,50.1,70.9,0.002,100,8.33,rain,0,0,,7.7,249,1017.2,32.2,7.9,,,,,2007-02-10T06:42:50,2007-02-10T17:32:03,0.75,"Rain, Partially cloudy",Partly cloudy throughout the day with rain.,rain,"72288593197,72295023174,72295603167,72288623130,72288023152,72287493134"
los angeles,2007-02-11,65.9,57.1,60.8,65.9,57.1,60.8,52.7,75.5,0.376,100,33.33,rain,0,0,,8.8,237.5,1015.4,65.1,7.8,,,,,2007-02-11T06:41:54,2007-02-11T17:33:01,0.81,"Rain, Partially cloudy",Partly cloudy throughout the day with a chance of rain throughout the day.,rain,"72288593197,72295023174,72295603167,72288623130,72288023152,72287493134"
los angeles,2007-02-12,63.3,55.9,59.2,63.3,55.9,59.2,47.9,66.8,0.004,100,8.33,rain,0,0,,7.2,223.9,1018.4,85.3,9.8,,,,,2007-02-12T06:40:56,2007-02-12T17:33:58,0.84,"Rain, Partially cloudy",Partly cloudy throughout the day with rain clearing later.,rain,"72288593197,72295023174,72295603167,72288623130,72288023152,72287493134"
los angeles,2007-02-13,65.3,49.6,58.2,65.3,49.6,58.2,40.5,53.7,0,0,0,,0,0,,9.2,282.9,1017,23.9,9.9,,,,,2007-02-13T06:39:57,2007-02-13T17:34:54,0.88,Partially cloudy,Partly cloudy throughout the day.,partly-cloudy-day,"72288593197,72295023174,72295603167,72288623130,72288023152,72287493134"
los angeles,2007-02-14,72,50,60.3,72,50,60.3,36,42.4,0,0,0,,0,0,30,8.6,318.5,1022.3,1.3,10,,,,,2007-02-14T06:38:57,2007-02-14T17:35:51,0.91,Clear,Clear conditions throughout the day.,clear-day,"72288593197,72295023174,72295603167,72288623130,72288023152,72287493134"
los angeles,2007-02-15,70.1,50.4,59.2,70.1,50.4,59.2,42.2,55,0,0,0,,0,0,,6.3,224.6,1026.2,0.7,9.3,,,,,2007-02-15T06:37:56,2007-02-15T17:36:47,0.94,Clear,Clear conditions throughout the day.,clear-day,"72288593197,72295023174,72295603167,72288623130,72288023152,72287493134"
los angeles,2007-02-16,81.2,51.6,65.2,79.6,51.6,65.1,45.8,54.1,0,0,0,,0,0,30,5.6,297.5,1022.6,1.1,8.6,,,,,2007-02-16T06:36:53,2007-02-16T17:37:42,0.97,Clear,Clear conditions throughout the day.,clear-day,"72288593197,72295023174,72295603167,72288623130,72288023152,72287493134"
los angeles,2007-02-17,87.4,57.2,70.9,83.8,57.2,70.1,39.6,37.4,0,0,0,,0,0,,7.6,156.2,1017.5,3.7,9.7,,,,,2007-02-17T06:35:50,2007-02-17T17:38:38,0,Clear,Clear conditions throughout the day.,clear-day,"72288593197,72295023174,72295603167,72288623130,72288023152,72287493134"
los angeles,2007-02-18,72.9,57.4,64.2,72.9,57.4,64.2,45.7,52.2,0.015,100,4.17,rain,0,0,,10,129.3,1011.9,33.6,9.7,,,,,2007-02-18T06:34:45,2007-02-18T17:39:33,0.04,"Rain, Partially cloudy",Becoming cloudy in the afternoon with late afternoon rain.,rain,"72288593197,72295023174,72295603167,72288623130,72288023152,72287493134"
los angeles,2007-02-19,64.9,56,58.4,64.9,56,58.4,46.8,66.6,0.066,100,41.67,rain,0,0,31.1,9.7,57.9,1012,60.2,9.7,,,,,2007-02-19T06:33:40,2007-02-19T17:40:27,0.08,"Rain, Partially cloudy",Partly cloudy throughout the day with rain clearing later.,rain,"72288593197,72295023174,72295603167,72288623130,72288023152,72287493134"
los angeles,2007-02-20,64.8,53.9,58.4,64.8,53.9,58.4,47.1,66.7,0,0,0,,0,0,,7,148.4,1021.2,51.1,9.7,,,,,2007-02-20T06:32:33,2007-02-20T17:41:22,0.11,Partially cloudy,Partly cloudy throughout the day.,partly-cloudy-day,"72288593197,72295023174,72295603167,72288623130,72288023152,72287493134"
los angeles,2007-02-21,67.4,50.6,57.4,67.4,50.6,57.4,47.6,70.8,0.001,100,4.17,rain,0,0,,8.2,236,1019.3,8.3,6.9,,,,,2007-02-21T06:31:26,2007-02-21T17:42:16,0.15,Rain,Clear conditions throughout the day with morning rain.,rain,"72288593197,72295023174,72295603167,72288623130,72288023152,72287493134"
los angeles,2007-02-22,61.3,51,55.8,61.3,51,55.8,46.2,70.7,0.291,100,25,rain,0,0,,6.4,214.4,1016.5,82.1,8.6,,,,,2007-02-22T06:30:17,2007-02-22T17:43:09,0.18,"Rain, Partially cloudy",Partly cloudy throughout the day with rain.,rain,"72288593197,72295023174,72295603167,72288623130,72288023152,72287493134"
los angeles,2007-02-23,60.1,47.2,54.1,60.1,47.2,54.1,31.8,46.3,0,0,0,,0,0,43.6,8.8,315.6,1018.1,22.5,9.9,,,,,2007-02-23T06:29:08,2007-02-23T17:44:02,0.25,Partially cloudy,Becoming cloudy in the afternoon.,partly-cloudy-day,"72288593197,72295023174,72295603167,72288623130,72288023152,72287493134"
los angeles,2007-02-24,66,44.4,55.2,66,44.4,55.2,29,38,0,0,0,,0,0,32.2,7.9,266.9,1021.6,0,9.9,,,,,2007-02-24T06:27:58,2007-02-24T17:44:55,0.25,Clear,Clear conditions throughout the day.,clear-day,"72288593197,72295023174,72295603167,72288623130,72288023152,72287493134"
los angeles,2007-02-25,61.7,46,54.4,61.7,46,54.4,40.4,59.6,0,0,0,,0,0,30,9.4,238.6,1018.6,29.8,9.5,,,,,2007-02-25T06:26:47,2007-02-25T17:45:48,0.29,Partially cloudy,Partly cloudy throughout the day.,partly-cloudy-day,"72288593197,72295023174,72295603167,72288623130,72288023152,72287493134"
los angeles,2007-02-26,63,50.7,57.1,63,50.7,57.1,45.3,65.3,0,0,0,,0,0,,7.8,241.7,1017.8,56.6,8.7,,,,,2007-02-26T06:25:35,2007-02-26T17:46:40,0.32,Partially cloudy,Partly cloudy throughout the day.,partly-cloudy-day,"72288593197,72295023174,72295603167,72288623130,72288023152,72287493134"
los angeles,2007-02-27,61.3,49.7,56.2,61.3,49.7,56.2,41,58.4,0.064,100,25,rain,0,0,33.3,12.1,258.1,1015.6,49.8,9.4,,,,,2007-02-27T06:24:22,2007-02-27T17:47:32,0.36,"Rain, Partially cloudy",Clearing in the afternoon with rain clearing later.,rain,"72288593197,72295023174,72295603167,72288623130,72288023152,72287493134"
los angeles,2007-02-28,61.2,46.3,53.3,61.2,46.3,53.2,31.6,45.6,0.002,100,8.33,rain,0,0,33.3,9.3,304,1017.1,21.9,9.9,,,,,2007-02-28T06:23:09,2007-02-28T17:48:23,0.39,"Rain, Partially cloudy",Partly cloudy throughout the day with rain.,rain,"72288593197,72295023174,72295603167,72288623130,72288023152,72287493134"
los angeles,2007-03-01,64.1,46.7,55.7,64.1,45.9,55.6,25.1,31,0,0,0,,0,0,30,10.4,319.5,1019.4,0.4,9.9,,,,,2007-03-01T06:21:55,2007-03-01T17:49:14,0.43,Clear,Clear conditions throughout the day.,clear-day,"72288593197,72295023174,72295603167,72288623130,72288023152,72287493134"
los angeles,2007-03-02,70.6,48.5,59.1,70.6,48.5,59.1,29.6,34.3,0,0,0,,0,0,36.9,9,326.1,1020.4,2,9.9,,,,,2007-03-02T06:20:40,2007-03-02T17:50:05,0.46,Clear,Clear conditions throughout the day.,clear-day,"72288593197,72295023174,72295603167,72288623130,72288023152,72287493134"
los angeles,2007-03-03,76.4,49.5,63.5,76.4,49.5,63.5,27.5,28.7,0,0,0,,0,0,30,6,301.3,1022,4.2,9.8,,,,,2007-03-03T06:19:24,2007-03-03T17:50:56,0.5,Clear,Clear conditions throughout the day.,clear-day,"72288593197,72295023174,72295603167,72288623130,72288023152,72287493134"
los angeles,2007-03-04,80.2,52,66,79.6,52,65.8,25,24.8,0,0,0,,0,0,,7.8,31,1021.4,5.6,9.9,,,,,2007-03-04T06:18:08,2007-03-04T17:51:46,0.53,Clear,Clear conditions throughout the day.,clear-day,"72288593197,72295023174,72295603167,72288623130,72288023152,72287493134"
los angeles,2007-03-05,81.8,57.8,68.6,79.4,57.8,68.4,22.7,20.1,0,0,0,,0,0,,8,284.1,1018,5.3,9.9,,,,,2007-03-05T06:16:52,2007-03-05T17:52:36,0.56,Clear,Clear conditions throughout the day.,clear-day,"72288593197,72295023174,72295603167,72288623130,72288023152,72287493134"
los angeles,2007-03-06,80.8,61.1,67.9,79.4,61.1,67.8,36.3,33.3,0,0,0,,0,0,,8.4,256.8,1018.2,7.1,9.8,,,,,2007-03-06T06:15:34,2007-03-06T17:53:25,0.59,Clear,Clear conditions throughout the day.,clear-day,"72288593197,72295023174,72295603167,72288623130,72288023152,72287493134"
los angeles,2007-03-07,74.8,56.8,64.4,74.8,56.8,64.4,46.3,53,0,0,0,,0,0,,9.7,242,1017.4,9.7,9.6,,,,,2007-03-07T06:14:17,2007-03-07T17:54:14,0.63,Clear,Clear conditions throughout the day.,clear-day,"72288593197,72295023174,72295603167,72288623130,72288023152,72287493134"
los angeles,2007-03-08,69.9,50.5,58.8,69.9,50.5,58.8,48,68.8,0,0,0,,0,0,,8.1,235.4,1018,2.3,8.8,,,,,2007-03-08T06:12:58,2007-03-08T17:55:03,0.66,Clear,Clear conditions throughout the day.,clear-day,"72288593197,72295023174,72295603167,72288623130,72288023152,72287493134"
los angeles,2007-03-09,64.9,52.2,57.3,64.9,52.2,57.3,48.6,73.9,0,0,0,,0,0,,8.5,255.9,1018,37.2,7,,,,,2007-03-09T06:11:40,2007-03-09T17:55:52,0.69,Partially cloudy,Clearing in the afternoon.,partly-cloudy-day,"72288593197,72295023174,72295603167,72288623130,72288023152,72287493134"
los angeles,2007-03-10,67.8,50.2,58.6,67.8,50.2,58.6,49.2,72.3,0,0,0,,0,0,,6.6,228.6,1016.1,21.8,5.3,,,,,2007-03-10T06:10:21,2007-03-10T17:56:40,0.73,Partially cloudy,Clearing in the afternoon.,partly-cloudy-day,"72288593197,72295023174,72295603167,72288623130,72288023152,72287493134"
los angeles,2007-03-11,89.5,51.9,70,85.4,51.9,68.9,38.6,42.6,0,0,0,,0,0,30,7.8,265.2,1016.6,2,8.2,,,,,2007-03-11T07:09:01,2007-03-11T18:57:29,0.75,Clear,Clear conditions throughout the day.,clear-day,"72288593197,72295023174,72295603167,72288623130,72288023152,72287493134"
los angeles,2007-03-12,89.7,59.8,72,85.6,59.8,71.1,33.6,27.2,0,0,0,,0,0,,6.6,254.5,1015.6,0.2,9.8,,,,,2007-03-12T07:07:41,2007-03-12T18:58:17,0.79,Clear,Clear conditions throughout the day.,clear-day,"72288593197,72295023174,72295603167,72288623130,72288023152,72287493134"
los angeles,2007-03-13,80.3,56.4,65.1,79.2,56.4,65,46.9,55.1,0,0,0,,0,0,,7.1,183.4,1016.1,7.1,8.7,,,,,2007-03-13T07:06:21,2007-03-13T18:59:04,0.82,Clear,Clear conditions throughout the day.,clear-day,"72288593197,72295023174,72295603167,72288623130,72288023152,72287493134"
los angeles,2007-03-14,68.6,55.9,60,68.6,55.9,60,50.3,71.4,0,0,0,,0,0,,6.2,219.1,1018.6,44.1,5.9,,,,,2007-03-14T07:05:00,2007-03-14T18:59:52,0.86,Partially cloudy,Clearing in the afternoon.,partly-cloudy-day,"72288593197,72295023174,72295603167,72288623130,72288023152,72287493134"
los angeles,2007-03-15,70.8,55.3,60.3,70.8,55.3,60.3,51.4,73.6,0,0,0,,0,0,,7,243.6,1016.6,39.4,3.1,,,,,2007-03-15T07:03:39,2007-03-15T19:00:39,0.89,Partially cloudy,Clearing in the afternoon.,partly-cloudy-day,"72288593197,72295023174,72295603167,72288623130,72288023152,72287493134"
los angeles,2007-03-16,70.3,53.1,59.3,70.3,53.1,59.3,51.7,78,0,0,0,,0,0,,7.8,241.4,1016.5,52.4,3.1,,,,,2007-03-16T07:02:18,2007-03-16T19:01:26,0.92,Partially cloudy,Clearing in the afternoon.,partly-cloudy-day,"72288593197,72295023174,72295603167,72288623130,72288023152,72287493134"
los angeles,2007-03-17,68.2,54.9,58.5,68.2,54.9,58.5,51,77.1,0,0,0,,0,0,,7.7,244.8,1016.1,70.3,4.2,,,,,2007-03-17T07:00:57,2007-03-17T19:02:13,0.96,Partially cloudy,Clearing in the afternoon.,partly-cloudy-day,"72288593197,72295023174,72295603167,72288623130,72288023152,72287493134"
los angeles,2007-03-18,61.5,55.8,57.8,61.5,55.8,57.8,49.8,74.9,0,0,0,,0,0,,5.6,191.2,1016.1,98.4,5.1,,,,,2007-03-18T06:59:35,2007-03-18T19:03:00,0,Overcast,Cloudy skies throughout the day.,cloudy,"72288593197,72295023174,72295603167,72288623130,72288023152,72287493134"
los angeles,2007-03-19,64.6,57,59.5,64.6,57,59.5,49.9,70.9,0,0,0,,0,0,,7.9,209.3,1016.6,75.5,8.9,,,,,2007-03-19T06:58:14,2007-03-19T19:03:47,0.02,Partially cloudy,Partly cloudy throughout the day.,partly-cloudy-day,"72288593197,72295023174,72295603167,72288623130,72288023152,72287493134"
los angeles,2007-03-20,60.5,55.7,57.2,60.5,55.7,57.2,50.5,78.4,0.01,100,8.33,rain,0,0,,7.7,214.9,1017.2,92.2,6.6,,,,,2007-03-20T06:56:52,2007-03-20T19:04:33,0.06,"Rain, Overcast",Cloudy skies throughout the day with rain.,rain,"72288593197,72295023174,72295603167,72288623130,72288023152,72287493134"
los angeles,2007-03-21,62.3,53.7,56.9,62.3,53.7,56.9,46.2,68.6,0.037,100,20.83,rain,0,0,,6.3,245.4,1013.8,80.3,9.7,,,,,2007-03-21T06:55:30,2007-03-21T19:05:19,0.09,"Rain, Partially cloudy",Partly cloudy throughout the day with rain.,rain,"72288593197,72295023174,72295603167,72288623130,72288023152,72287493134"
los angeles,2007-03-22,78.2,51.8,63.2,78.2,51.8,63.2,43.7,52.8,0,0,0,,0,0,36.9,9.7,297.9,1009.7,4.9,9.9,,,,,2007-03-22T06:54:08,2007-03-22T19:06:05,0.13,Clear,Clear conditions throughout the day.,clear-day,"72288593197,72295023174,72295603167,72288623130,72288023152,72287493134"
los angeles,2007-03-23,71.2,56.1,63.2,71.2,56.1,63.2,48.9,60.7,0,0,0,,0,0,,9.2,220.2,1013.3,7.3,9.9,,,,,2007-03-23T06:52:46,2007-03-23T19:06:51,0.16,Clear,Clear conditions throughout the day.,clear-day,"72288593197,72295023174,72295603167,72288623130,72288023152,72287493134"
los angeles,2007-03-24,66.4,56.2,61.1,66.4,56.2,61.1,50.5,68.6,0,0,0,,0,0,30,8.2,201.7,1017.8,62,9.8,,,,,2007-03-24T06:51:24,2007-03-24T19:07:37,0.19,Partially cloudy,Partly cloudy throughout the day.,partly-cloudy-day,"72288593197,72295023174,72295603167,72288623130,72288023152,72287493134"
los angeles,2007-03-25,66.4,54.2,59,66.4,54.2,59,50.9,75.2,0,0,0,,0,0,,7.9,255.8,1019.1,52.7,7.9,,,,,2007-03-25T06:50:02,2007-03-25T19:08:23,0.25,Partially cloudy,Clearing in the afternoon.,partly-cloudy-day,"72288593197,72295023174,72295603167,72288623130,72288023152,72287493134"
los angeles,2007-03-26,63.3,56,58.5,63.3,56,58.5,50.9,76.3,0,0,0,,0,0,,6.4,230,1018.2,99.9,6.6,,,,,2007-03-26T06:48:40,2007-03-26T19:09:09,0.26,Overcast,Cloudy skies throughout the day.,cloudy,"72288593197,72295023174,72295603167,72288623130,72288023152,72287493134"
los angeles,2007-03-27,62,52.1,57.2,62,52.1,57.2,35.2,47.5,0.005,100,8.33,rain,0,0,40.9,15.5,294.2,1016.3,28.4,9.9,,,,,2007-03-27T06:47:18,2007-03-27T19:09:55,0.3,"Rain, Partially cloudy",Partly cloudy throughout the day with afternoon rain.,rain,"72288593197,72295023174,72295603167,72288623130,72288023152,72287493134"
los angeles,2007-03-28,66.3,52,58.9,66.3,52,58.9,32.5,37.9,0,0,0,,0,0,36.9,11.8,288.5,1019,0.8,9.9,,,,,2007-03-28T06:45:56,2007-03-28T19:10:40,0.33,Clear,Clear conditions throughout the day.,clear-day,"72288593197,72295023174,72295603167,72288623130,72288023152,72287493134"
los angeles,2007-03-29,71.8,49.1,60.9,71.8,49.1,60.9,37.2,44.4,0,0,0,,0,0,,9.9,251.9,1019.5,0.2,9.9,,,,,2007-03-29T06:44:35,2007-03-29T19:11:26,0.37,Clear,Clear conditions throughout the day.,clear-day,"72288593197,72295023174,72295603167,72288623130,72288023152,72287493134"
los angeles,2007-03-30,74.6,51.9,62.1,74.6,51.9,62.1,38.7,45.3,0,0,0,,0,0,,8.3,243.1,1019.7,1.4,9.8,,,,,2007-03-30T06:43:13,2007-03-30T19:12:11,0.4,Clear,Clear conditions throughout the day.,clear-day,"72288593197,72295023174,72295603167,72288623130,72288023152,72287493134"
los angeles,2007-03-31,73.7,51.1,61.2,73.7,51.1,61.2,44.8,59.3,0,0,0,,0,0,,8.2,246.7,1016.3,5.5,7.6,,,,,2007-03-31T06:41:52,2007-03-31T19:12:57,0.43,Clear,Clear conditions throughout the day.,clear-day,"72288593197,72295023174,72295603167,72288623130,72288023152,72287493134"
los angeles,2007-04-01,72.8,53,60.6,72.8,53,60.6,48.1,66.7,0,0,0,,0,0,,7.8,233.2,1012.6,29.4,6,,,,,2007-04-01T06:40:31,2007-04-01T19:13:42,0.47,Partially cloudy,Clearing in the afternoon.,partly-cloudy-day,"72288593197,72295023174,72295603167,72288623130,72288023152,72287493134"
los angeles,2007-04-02,68.9,55,60.6,68.9,55,60.6,50.4,70.1,0,0,0,,0,0,,5.7,224,1014.7,20.5,6,,,,,2007-04-02T06:39:10,2007-04-02T19:14:28,0.5,Partially cloudy,Clearing in the afternoon.,partly-cloudy-day,"72288593197,72295023174,72295603167,72288623130,72288023152,72287493134"
los angeles,2007-04-03,71.1,56.7,61.5,71.1,56.7,61.5,51.4,70.3,0,0,0,,0,0,,8.7,216.9,1017.1,42.2,6.8,,,,,2007-04-03T06:37:49,2007-04-03T19:15:13,0.54,Partially cloudy,Clearing in the afternoon.,partly-cloudy-day,"72288593197,72295023174,72295603167,72288623130,72288023152,72287493134"
los angeles,2007-04-04,72.1,56,61,72.1,56,61,52.5,74.5,0,0,0,,0,0,,6.9,247.5,1016.7,38,4.3,,,,,2007-04-04T06:36:29,2007-04-04T19:15:59,0.57,Partially cloudy,Clearing in the afternoon.,partly-cloudy-day,"72288593197,72295023174,72295603167,72288623130,72288023152,72287493134"
los angeles,2007-04-05,70.7,56.9,60.8,70.7,56.9,60.8,52.6,75.1,0,0,0,,0,0,,9,245.5,1014.2,33.2,3.6,,,,,2007-04-05T06:35:09,2007-04-05T19:16:44,0.6,Partially cloudy,Clearing in the afternoon.,partly-cloudy-day,"72288593197,72295023174,72295603167,72288623130,72288023152,72287493134"
los angeles,2007-04-06,66.1,56.9,60,66.1,56.9,60,51.4,73.7,0,0,0,,0,0,,8.1,226.8,1013.2,76.6,6.1,,,,,2007-04-06T06:33:49,2007-04-06T19:17:30,0.64,Partially cloudy,Partly cloudy throughout the day.,partly-cloudy-day,"72288593197,72295023174,72295603167,72288623130,72288023152,72287493134"
los angeles,2007-04-07,63.7,58.8,60.2,63.7,58.8,60.2,51.2,72.2,0,0,0,,0,0,,5.1,218.6,1013.1,85.9,7.5,,,,,2007-04-07T06:32:30,2007-04-07T19:18:15,0.67,Partially cloudy,Partly cloudy throughout the day.,partly-cloudy-day,"72288593197,72295023174,72295603167,72288623130,72288023152,72287493134"
los angeles,2007-04-08,65.1,57.1,60.5,65.1,57.1,60.5,51.7,73,0,0,0,,0,0,,6.4,230.3,1013.7,90.2,8.5,,,,,2007-04-08T06:31:11,2007-04-08T19:19:01,0.71,Overcast,Cloudy skies throughout the day.,cloudy,"72288593197,72295023174,72295603167,72288623130,72288023152,72287493134"
los angeles,2007-04-09,69.6,54.1,60.9,69.6,54.1,60.9,50.9,70.6,0,0,0,,0,0,,6.8,203.4,1015,30.9,9.1,,,,,2007-04-09T06:29:52,2007-04-09T19:19:46,0.74,Partially cloudy,Clearing in the afternoon.,partly-cloudy-day,"72288593197,72295023174,72295603167,72288623130,72288023152,72287493134"
los angeles,2007-04-10,69.6,55.1,62.2,69.6,55.1,62.2,50.6,67.2,0,0,0,,0,0,30,9.2,232.3,1015.4,9.5,9.3,,,,,2007-04-10T06:28:34,2007-04-10T19:20:32,0.75,Clear,Clear conditions throughout the day.,clear-day,"72288593197,72295023174,72295603167,72288623130,72288023152,72287493134"
los angeles,2007-04-11,68.3,56.4,61.3,68.3,56.4,61.3,50.2,67.9,0,0,0,,0,0,33.7,12.1,248.4,1013,21.4,8.7,,,,,2007-04-11T06:27:17,2007-04-11T19:21:18,0.81,Partially cloudy,Clearing in the afternoon.,partly-cloudy-day,"72288593197,72295023174,72295603167,72288623130,72288023152,72287493134"
los angeles,2007-04-12,66.9,54.2,61,66.9,54.2,61,33.8,41.2,0,0,0,,0,0,43.9,19.9,326.9,1011.5,2.9,9.5,,,,,2007-04-12T06:26:00,2007-04-12T19:22:04,0.84,Clear,Clear conditions throughout the day.,clear-day,"72288593197,72295023174,72295603167,72288623130,72288023152,72287493134"
los angeles,2007-04-13,76.6,56.6,65.8,76.6,56.6,65.8,32.1,29.5,0,0,0,,0,0,33.3,9.4,293.1,1017.2,2.2,9.9,,,,,2007-04-13T06:24:44,2007-04-13T19:22:49,0.87,Clear,Clear conditions throughout the day.,clear-day,"72288593197,72295023174,72295603167,72288623130,72288023152,72287493134"
los angeles,2007-04-14,69.9,53.8,60.1,69.9,53.8,60.1,47,63.2,0,0,0,,0,0,32.2,9.4,209.2,1017.7,14.9,9.6,,,,,2007-04-14T06:23:28,2007-04-14T19:23:35,0.91,Clear,Clear conditions throughout the day.,clear-day,"72288593197,72295023174,72295603167,72288623130,72288023152,72287493134"
los angeles,2007-04-15,64.4,51.3,58,64.4,51.3,58,44,61.8,0.249,100,12.5,rain,0,0,34.4,11.6,259.5,1012.1,36,9.3,,,,,2007-04-15T06:22:13,2007-04-15T19:24:21,0.94,"Rain, Partially cloudy",Becoming cloudy in the afternoon with rain clearing later.,rain,"72288593197,72295023174,72295603167,72288623130,72288023152,72287493134"
los angeles,2007-04-16,67.5,53.4,59.1,67.5,53.4,59.1,47.3,65.8,0,0,0,,0,0,,9,182.2,1017.1,37.8,9.5,,,,,2007-04-16T06:20:58,2007-04-16T19:25:07,0.98,Partially cloudy,Partly cloudy throughout the day.,partly-cloudy-day,"72288593197,72295023174,72295603167,72288623130,72288023152,72287493134"
los angeles,2007-04-17,65.2,53.7,58.2,65.2,53.7,58.2,49,71.9,0,0,0,,0,0,,8,212.1,1021.2,60.3,7.7,,,,,2007-04-17T06:19:44,2007-04-17T19:25:53,0,Partially cloudy,Partly cloudy throughout the day.,partly-cloudy-day,"72288593197,72295023174,72295603167,72288623130,72288023152,72287493134"
los angeles,2007-04-18,66.3,53.5,60,66.3,53.5,60,26.5,33.3,0,0,0,,0,0,37.2,14.5,321.9,1017.2,27.8,9.6,,,,,2007-04-18T06:18:31,2007-04-18T19:26:39,0.04,Partially cloudy,Partly cloudy throughout the day.,partly-cloudy-day,"72288593197,72295023174,72295603167,72288623130,72288023152,72287493134"
los angeles,2007-04-19,68.3,49.2,59.3,68.3,49.2,59.3,28.1,32.4,0,0,0,,0,0,34.4,9.5,249,1013,3.8,9.9,,,,,2007-04-19T06:17:18,2007-04-19T19:27:26,0.08,Clear,Clear conditions throughout the day.,clear-day,"72288593197,72295023174,72295603167,72288623130,72288023152,72287493134"
los angeles,2007-04-20,54.8,50.6,53.2,54.8,50.6,53.2,44.9,73.7,0.469,100,50,rain,0,0,,9,149.7,1011.7,80.5,9,,,,,2007-04-20T06:16:06,2007-04-20T19:28:12,0.11,"Rain, Partially cloudy",Partly cloudy throughout the day with rain.,rain,"72288593197,72295023174,72295603167,72288623130,72288023152,72287493134"
los angeles,2007-04-21,63.5,46.2,54.7,63.5,46.2,54.7,44.2,69,0,0,0,,0,0,,9,227.8,1017.5,17.8,9.4,,,,,2007-04-21T06:14:55,2007-04-21T19:28:58,0.14,Clear,Clear conditions throughout the day.,clear-day,"72288593197,72295023174,72295603167,72288623130,72288023152,72287493134"
los angeles,2007-04-22,62,51.2,55.6,62,51.2,55.6,46.6,72.7,0.04,100,20.83,rain,0,0,,7.2,204,1017.2,74.1,9.1,,,,,2007-04-22T06:13:45,2007-04-22T19:29:45,0.18,"Rain, Partially cloudy",Partly cloudy throughout the day with late afternoon rain.,rain,"72288593197,72295023174,72295603167,72288623130,72288023152,72287493134"
los angeles,2007-04-23,67.3,52.6,59.4,67.3,52.6,59.4,46.9,65.9,0.007,100,16.67,rain,0,0,30,8.6,228.5,1017.6,33.2,9.3,,,,,2007-04-23T06:12:36,2007-04-23T19:30:31,0.25,"Rain, Partially cloudy",Clearing in the afternoon with rain.,rain,"72288593197,72295023174,72295603167,72288623130,72288023152,72287493134"
los angeles,2007-04-24,72.9,51.4,61.7,72.9,51.4,61.7,45.9,58.7,0,0,0,,0,0,,9.9,253.4,1019.8,0.2,9.9,,,,,2007-04-24T06:11:27,2007-04-24T19:31:18,0.24,Clear,Clear conditions throughout the day.,clear-day,"72288593197,72295023174,72295603167,72288623130,72288023152,72287493134"
los angeles,2007-04-25,78.1,55,64.3,78.1,55,64.3,48.6,59.6,0,0,0,,0,0,,7.6,228.1,1015.9,2.4,9.6,,,,,2007-04-25T06:10:20,2007-04-25T19:32:04,0.28,Clear,Clear conditions throughout the day.,clear-day,"72288593197,72295023174,72295603167,72288623130,72288023152,72287493134"
los angeles,2007-04-26,70.5,56.6,62.1,70.5,56.6,62.1,51,67.8,0,0,0,,0,0,,9.2,222.6,1011.6,23.6,8.8,,,,,2007-04-26T06:09:13,2007-04-26T19:32:51,0.31,Partially cloudy,Clearing in the afternoon.,partly-cloudy-day,"72288593197,72295023174,72295603167,72288623130,72288023152,72287493134"
los angeles,2007-04-27,79.2,56,66.2,79.2,56,66.2,51.3,61.1,0,0,0,,0,0,,7,220.3,1012.7,0.2,8.4,,,,,2007-04-27T06:08:07,2007-04-27T19:33:37,0.34,Clear,Clear conditions throughout the day.,clear-day,"72288593197,72295023174,72295603167,72288623130,72288023152,72287493134"
los angeles,2007-04-28,78.1,59.1,64.7,78.1,59.1,64.7,55.1,72.5,0,0,0,,0,0,,7,194.4,1014.2,37.9,5.5,,,,,2007-04-28T06:07:03,2007-04-28T19:34:24,0.38,Partially cloudy,Clearing in the afternoon.,partly-cloudy-day,"72288593197,72295023174,72295603167,72288623130,72288023152,72287493134"
los angeles,2007-04-29,72.8,58.9,62.8,72.8,58.9,62.8,55,76.6,0,0,0,,0,0,,7.6,215.6,1015.4,72.8,4.8,,,,,2007-04-29T06:05:59,2007-04-29T19:35:11,0.41,Partially cloudy,Partly cloudy throughout the day.,partly-cloudy-day,"72288593197,72295023174,72295603167,72288623130,72288023152,72287493134"
los angeles,2007-04-30,70.4,56.8,62.8,70.4,56.8,62.8,53.4,72.1,0,0,0,,0,0,,8.2,224.7,1014.8,67.9,5.7,,,,,2007-04-30T06:04:56,2007-04-30T19:35:58,0.45,Partially cloudy,Clearing in the afternoon.,partly-cloudy-day,"72288593197,72295023174,72295603167,72288623130,72288023152,72287493134"
los angeles,2007-05-01,70.6,58.6,62.7,70.6,58.6,62.7,52.7,70.3,0,0,0,,0,0,,10.8,200.9,1013.1,69.8,6.9,,,,,2007-05-01T06:03:54,2007-05-01T19:36:44,0.48,Partially cloudy,Clearing in the afternoon.,partly-cloudy-day,"72288593197,72295023174,72295603167,72288623130,72288023152,72287493134"
los angeles,2007-05-02,68.4,58.9,62.6,68.4,58.9,62.6,51.4,67.3,0,0,0,,0,0,33.3,9.5,233.8,1014.7,56.4,8.3,,,,,2007-05-02T06:02:53,2007-05-02T19:37:31,0.5,Partially cloudy,Partly cloudy throughout the day.,partly-cloudy-day,"72288593197,72295023174,72295603167,72288623130,72288023152,72287493134"
los angeles,2007-05-03,69,55.1,61.1,69,55.1,61.1,45.4,58.3,0,0,0,,0,0,36.9,11.7,232.4,1014.3,6.6,9.6,,,,,2007-05-03T06:01:54,2007-05-03T19:38:18,0.55,Clear,Clear conditions throughout the day.,clear-day,"72288593197,72295023174,72295603167,72288623130,72288023152,72287493134"
los angeles,2007-05-04,66,53.9,60,66,53.9,60,47.3,63.2,0,0,0,,0,0,36.9,9.4,230.6,1012.2,15.7,9.9,,,,,2007-05-04T06:00:55,2007-05-04T19:39:04,0.58,Clear,Clear conditions throughout the day.,clear-day,"72288593197,72295023174,72295603167,72288623130,72288023152,72287493134"
los angeles,2007-05-05,68.1,55.8,62.5,68.1,55.8,62.5,46,56.8,0,0,0,,0,0,38,13,279.3,1011.5,11.3,9.9,,,,,2007-05-05T05:59:58,2007-05-05T19:39:51,0.62,Clear,Clear conditions throughout the day.,clear-day,"72288593197,72295023174,72295603167,72288623130,72288023152,72287493134"
los angeles,2007-05-06,83,58.9,71.2,80.4,58.9,70.8,26.7,20.8,0,0,0,,0,0,35.9,11.5,263.6,1013.4,0.7,9.9,,,,,2007-05-06T05:59:02,2007-05-06T19:40:37,0.65,Clear,Clear conditions throughout the day.,clear-day,"72288593197,72295023174,72295603167,72288623130,72288023152,72287493134"
los angeles,2007-05-07,91.2,61.2,76.9,86.9,61.2,75.2,29.7,20.3,0,0,0,,0,0,34.4,12.8,276.1,1012.9,0.9,9.9,,,,,2007-05-07T05:58:07,2007-05-07T19:41:24,0.69,Clear,Clear conditions throughout the day.,clear-day,"72288593197,72295023174,72295603167,72288623130,72288023152,72287493134"
los angeles,2007-05-08,93.4,65,78.7,88.8,65,76.9,33.6,21.7,0,0,0,,0,0,,9.5,250.7,1011.2,1.3,9.9,,,,,2007-05-08T05:57:13,2007-05-08T19:42:10,0.72,Clear,Clear conditions throughout the day.,clear-day,"72288593197,72295023174,72295603167,72288623130,72288023152,72287493134"
los angeles,2007-05-09,83.2,57,69.5,81.8,57,69.3,50.2,52.4,0,0,0,,0,0,,7.1,219,1013.1,4.1,9.5,,,,,2007-05-09T05:56:21,2007-05-09T19:42:56,0.75,Clear,Clear conditions throughout the day.,clear-day,"72288593197,72295023174,72295603167,72288623130,72288023152,72287493134"
los angeles,2007-05-10,76.8,53.8,63.9,76.8,53.8,63.9,48.9,61.6,0,0,0,,0,0,,8.7,244.8,1015.5,14.6,6.4,,,,,2007-05-10T05:55:30,2007-05-10T19:43:42,0.79,Clear,Clear conditions throughout the day.,clear-day,"72288593197,72295023174,72295603167,72288623130,72288023152,72287493134"
los angeles,2007-05-11,68.8,55.2,61,68.8,55.2,61,48.2,63.8,0,0,0,,0,0,,7.4,226.7,1016.6,4.7,9.2,,,,,2007-05-11T05:54:40,2007-05-11T19:44:28,0.83,Clear,Clear conditions throughout the day.,clear-day,"72288593197,72295023174,72295603167,72288623130,72288023152,72287493134"
los angeles,2007-05-12,68.5,54.2,60.3,68.5,54.2,60.3,47.8,64.4,0,0,0,,0,0,,9.2,227.9,1016.4,39.3,7.5,,,,,2007-05-12T05:53:51,2007-05-12T19:45:14,0.86,Partially cloudy,Clearing in the afternoon.,partly-cloudy-day,"72288593197,72295023174,72295603167,72288623130,72288023152,72287493134"
los angeles,2007-05-13,70.1,54.1,61.2,70.1,54.1,61.2,49.4,66.1,0,0,0,,0,0,,8.9,217.1,1015.3,9.6,7.9,,,,,2007-05-13T05:53:04,2007-05-13T19:46:00,0.9,Clear,Clear conditions throughout the day.,clear-day,"72288593197,72295023174,72295603167,72288623130,72288023152,72287493134"
los angeles,2007-05-14,69.3,54.3,61.1,69.3,54.3,61.1,50.5,69.2,0,0,0,,0,0,,6.5,231.5,1014.7,26.5,6.9,,,,,2007-05-14T05:52:18,2007-05-14T19:46:45,0.93,Partially cloudy,Clearing in the afternoon.,partly-cloudy-day,"72288593197,72295023174,72295603167,72288623130,72288023152,72287493134"
los angeles,2007-05-15,69.9,56.8,60.6,69.9,56.8,60.6,50.9,71,0,0,0,,0,0,,8.7,228.5,1016.2,64.4,5.9,,,,,2007-05-15T05:51:34,2007-05-15T19:47:30,0.96,Partially cloudy,Partly cloudy throughout the day.,partly-cloudy-day,"72288593197,72295023174,72295603167,72288623130,72288023152,72287493134"
los angeles,2007-05-16,67.5,56.9,60.3,67.5,56.9,60.3,50.6,71,0,0,0,,0,0,,6.3,228.9,1015.1,56.9,6.2,,,,,2007-05-16T05:50:50,2007-05-16T19:48:15,0,Partially cloudy,Partly cloudy throughout the day.,partly-cloudy-day,"72288593197,72295023174,72295603167,72288623130,72288023152,72287493134"
los angeles,2007-05-17,69,56.5,61.2,69,56.5,61.2,51.7,71.5,0,0,0,,0,0,,7,225.4,1014.7,64.2,6,,,,,2007-05-17T05:50:09,2007-05-17T19:48:59,0.03,Partially cloudy,Clearing in the afternoon.,partly-cloudy-day,"72288593197,72295023174,72295603167,72288623130,72288023152,72287493134"
los angeles,2007-05-18,69.5,57.3,61.6,69.5,57.3,61.6,52.4,72.4,0,0,0,,0,0,,8.5,214.6,1014.8,55.3,5.6,,,,,2007-05-18T05:49:28,2007-05-18T19:49:43,0.07,Partially cloudy,Clearing in the afternoon.,partly-cloudy-day,"72288593197,72295023174,72295603167,72288623130,72288023152,72287493134"
los angeles,2007-05-19,71.3,58,62.3,71.3,58,62.3,52.8,71.7,0,0,0,,0,0,,7.9,220.5,1013.5,46.7,5.2,,,,,2007-05-19T05:48:50,2007-05-19T19:50:27,0.1,Partially cloudy,Clearing in the afternoon.,partly-cloudy-day,"72288593197,72295023174,72295603167,72288623130,72288023152,72287493134"
los angeles,2007-05-20,69.7,59.3,62.7,69.7,59.3,62.7,53.5,72.4,0,0,0,,0,0,,6.6,210.4,1012.2,78.5,5.8,,,,,2007-05-20T05:48:12,2007-05-20T19:51:10,0.13,Partially cloudy,Partly cloudy throughout the day.,partly-cloudy-day,"72288593197,72295023174,72295603167,72288623130,72288023152,72287493134"
los angeles,2007-05-21,64.7,58.3,61.8,64.7,58.3,61.8,52.2,71.1,0,0,0,,0,0,,4.3,193.2,1011.2,99.7,9.1,,,,,2007-05-21T05:47:36,2007-05-21T19:51:53,0.16,Overcast,Cloudy skies throughout the day.,cloudy,"72288593197,72295023174,72295603167,72288623130,72288023152,72287493134"
los angeles,2007-05-22,69.6,57,62.7,69.6,57,62.7,51.9,68.7,0,0,0,,0,0,30,8.7,237,1011.6,55.4,8.9,,,,,2007-05-22T05:47:02,2007-05-22T19:52:35,0.2,Partially cloudy,Partly cloudy throughout the day.,partly-cloudy-day,"72288593197,72295023174,72295603167,72288623130,72288023152,72287493134"
los angeles,2007-05-23,69.9,57.6,62.9,69.9,57.6,62.9,51.5,67.4,0,0,0,,0,0,,9.1,231.7,1013.6,35.8,9.3,,,,,2007-05-23T05:46:29,2007-05-23T19:53:17,0.25,Partially cloudy,Clearing in the afternoon.,partly-cloudy-day,"72288593197,72295023174,72295603167,72288623130,72288023152,72287493134"
los angeles,2007-05-24,69.2,55.3,61.4,69.2,55.3,61.4,52,72.1,0,0,0,,0,0,,8.1,227.2,1013.7,33.1,8.6,,,,,2007-05-24T05:45:58,2007-05-24T19:53:59,0.26,Partially cloudy,Clearing in the afternoon.,partly-cloudy-day,"72288593197,72295023174,72295603167,72288623130,72288023152,72287493134"
los angeles,2007-05-25,69,59.1,62.9,69,59.1,62.9,52.2,68.4,0,0,0,,0,0,,8.6,230.5,1014.1,53.4,6.7,,,,,2007-05-25T05:45:28,2007-05-25T19:54:40,0.29,Partially cloudy,Clearing in the afternoon.,partly-cloudy-day,"72288593197,72295023174,72295603167,72288623130,72288023152,72287493134"
los angeles,2007-05-26,71.1,59.1,63.4,71.1,59.1,63.4,52.6,68.7,0,0,0,,0,0,,7.7,223.9,1014.5,56.8,5.9,,,,,2007-05-26T05:45:00,2007-05-26T19:55:20,0.33,Partially cloudy,Clearing in the afternoon.,partly-cloudy-day,"72288593197,72295023174,72295603167,72288623130,72288023152,72287493134"
los angeles,2007-05-27,70.5,58.3,63.1,70.5,58.3,63.1,52.2,68.4,0,0,0,,0,0,,8.7,223.1,1014.2,54.3,6.3,,,,,2007-05-27T05:44:33,2007-05-27T19:56:00,0.36,Partially cloudy,Clearing in the afternoon.,partly-cloudy-day,"72288593197,72295023174,72295603167,72288623130,72288023152,72287493134"
los angeles,2007-05-28,71.9,58,63.2,71.9,58,63.2,51.6,66.7,0,0,0,,0,0,,8.5,210.5,1013.9,54.6,8.7,,,,,2007-05-28T05:44:08,2007-05-28T19:56:39,0.39,Partially cloudy,Clearing in the afternoon.,partly-cloudy-day,"72288593197,72295023174,72295603167,72288623130,72288023152,72287493134"
los angeles,2007-05-29,71.3,59.2,63,71.3,59.2,63,51.1,65.5,0,0,0,,0,0,,8.6,221.1,1015.8,60.6,9.7,,,,,2007-05-29T05:43:45,2007-05-29T19:57:17,0.43,Partially cloudy,Partly cloudy throughout the day.,partly-cloudy-day,"72288593197,72295023174,72295603167,72288623130,72288023152,72287493134"
los angeles,2007-05-30,70.3,57.9,62.2,70.3,57.9,62.2,51,67.7,0,0,0,,0,0,,9.8,231.1,1017.1,50.7,9,,,,,2007-05-30T05:43:23,2007-05-30T19:57:54,0.46,Partially cloudy,Clearing in the afternoon.,partly-cloudy-day,"72288593197,72295023174,72295603167,72288623130,72288023152,72287493134"
los angeles,2007-05-31,70.2,56.9,61.9,70.2,56.9,61.9,51.3,69,0,0,0,,0,0,,8.6,216.5,1014.7,51.1,7.9,,,,,2007-05-31T05:43:02,2007-05-31T19:58:31,0.5,Partially cloudy,Clearing in the afternoon.,partly-cloudy-day,"72288593197,72295023174,72295603167,72288623130,72288023152,72287493134"
los angeles,2007-06-01,70.1,57.2,62.2,70.1,57.2,62.2,52,69.9,0,0,0,,0,0,,6.9,220,1012.6,36.4,6.9,,,,,2007-06-01T05:42:44,2007-06-01T19:59:07,0.53,Partially cloudy,Clearing in the afternoon.,partly-cloudy-day,"72288593197,72295023174,72295603167,72288623130,72288023152,72287493134"
los angeles,2007-06-02,73,58.2,63.7,73,58.2,63.7,53.9,71.2,0,0,0,,0,0,,7.3,230.7,1013.4,46,7.6,,,,,2007-06-02T05:42:26,2007-06-02T19:59:43,0.56,Partially cloudy,Clearing in the afternoon.,partly-cloudy-day,"72288593197,72295023174,72295603167,72288623130,72288023152,72287493134"
los angeles,2007-06-03,69,58.1,62.9,69,58.1,62.9,54.5,74.3,0,0,0,,0,0,,8,222.6,1014.9,81.6,6.6,,,,,2007-06-03T05:42:11,2007-06-03T20:00:17,0.6,Partially cloudy,Partly cloudy throughout the day.,partly-cloudy-day,"72288593197,72295023174,72295603167,72288623130,72288023152,72287493134"
los angeles,2007-06-04,69.2,58.7,62.9,69.2,58.7,62.9,54.2,73.8,0,0,0,,0,0,,7.2,233.1,1014.6,58.5,6.3,,,,,2007-06-04T05:41:57,2007-06-04T20:00:50,0.63,Partially cloudy,Clearing in the afternoon.,partly-cloudy-day,"72288593197,72295023174,72295603167,72288623130,72288023152,72287493134"
los angeles,2007-06-05,66.4,58.3,61.7,66.4,58.3,61.7,53.8,75.5,0,0,0,,0,0,,6.6,216,1013.2,82.9,7.1,,,,,2007-06-05T05:41:45,2007-06-05T20:01:23,0.67,Partially cloudy,Partly cloudy throughout the day.,partly-cloudy-day,"72288593197,72295023174,72295603167,72288623130,72288023152,72287493134"
los angeles,2007-06-06,70.6,55.8,63.3,70.6,55.8,63.3,46.5,56.2,0,0,0,,0,0,32.2,9.9,240.8,1012,13.7,9.9,,,,,2007-06-06T05:41:34,2007-06-06T20:01:55,0.7,Clear,Clear conditions throughout the day.,clear-day,"72288593197,72295023174,72295603167,72288623130,72288023152,72287493134"
los angeles,2007-06-07,72.9,56.9,65.3,72.9,56.9,65.3,48.5,56.5,0,0,0,,0,0,38,8.8,174.2,1011.7,7.1,9.8,,,,,2007-06-07T05:41:25,2007-06-07T20:02:25,0.74,Clear,Clear conditions throughout the day.,clear-day,"72288593197,72295023174,72295603167,72288623130,72288023152,72287493134"
los angeles,2007-06-08,74.9,58.9,65.3,74.9,58.9,65.3,51.8,62.8,0,0,0,,0,0,,8.8,223.8,1012.3,2.4,9.7,,,,,2007-06-08T05:41:17,2007-06-08T20:02:55,0.75,Clear,Clear conditions throughout the day.,clear-day,"72288593197,72295023174,72295603167,72288623130,72288023152,72287493134"
los angeles,2007-06-09,73,60.1,64.3,73,60.1,64.3,51.9,64.5,0,0,0,,0,0,,8.4,230.8,1012.6,41.2,9.2,,,,,2007-06-09T05:41:11,2007-06-09T20:03:23,0.81,Partially cloudy,Clearing in the afternoon.,partly-cloudy-day,"72288593197,72295023174,72295603167,72288623130,72288023152,72287493134"
los angeles,2007-06-10,73.2,60.2,64.4,73.2,60.2,64.4,54.1,69.7,0,0,0,,0,0,,6.9,217.4,1011.4,59.9,7.1,,,,,2007-06-10T05:41:07,2007-06-10T20:03:51,0.85,Partially cloudy,Clearing in the afternoon.,partly-cloudy-day,"72288593197,72295023174,72295603167,72288623130,72288023152,72287493134"
los angeles,2007-06-11,71.4,61.2,65.1,71.4,61.2,65.1,54.2,68.5,0,0,0,,0,0,,7.9,215.5,1011.3,56.4,7.4,,,,,2007-06-11T05:41:04,2007-06-11T20:04:17,0.88,Partially cloudy,Clearing in the afternoon.,partly-cloudy-day,"72288593197,72295023174,72295603167,72288623130,72288023152,72287493134"
los angeles,2007-06-12,75.5,62,67.5,75.5,62,67.5,55.3,65.7,0,0,0,,0,0,,8.1,232.6,1014.3,35.3,6.6,,,,,2007-06-12T05:41:03,2007-06-12T20:04:42,0.92,Partially cloudy,Clearing in the afternoon.,partly-cloudy-day,"72288593197,72295023174,72295603167,72288623130,72288023152,72287493134"
los angeles,2007-06-13,78.1,60.6,68.5,78.1,60.6,68.5,56.4,66.9,0,0,0,,0,0,,7.7,238.7,1013.8,17.3,7.3,,,,,2007-06-13T05:41:03,2007-06-13T20:05:06,0.95,Clear,Clear conditions throughout the day.,clear-day,"72288593197,72295023174,72295603167,72288623130,72288023152,72287493134"
los angeles,2007-06-14,79.7,62.1,69.1,79.7,62.1,69.1,56.5,66,0,0,0,,0,0,,6.2,215.8,1010.9,22.5,7.7,,,,,2007-06-14T05:41:05,2007-06-14T20:05:28,0,Partially cloudy,Clearing in the afternoon.,partly-cloudy-day,"72288593197,72295023174,72295603167,72288623130,72288023152,72287493134"
los angeles,2007-06-15,78.7,61.5,68.6,78.7,61.5,68.6,56.7,67.6,0,0,0,,0,0,,6.1,216.4,1011.6,28.8,8.3,,,,,2007-06-15T05:41:08,2007-06-15T20:05:50,0.02,Partially cloudy,Clearing in the afternoon.,partly-cloudy-day,"72288593197,72295023174,72295603167,72288623130,72288023152,72287493134"
los angeles,2007-06-16,79.1,61.5,67.6,79.1,61.5,67.6,56.1,68.2,0,0,0,,0,0,,7.5,219.2,1013.9,42.8,7.2,,,,,2007-06-16T05:41:13,2007-06-16T20:06:10,0.05,Partially cloudy,Clearing in the afternoon.,partly-cloudy-day,"72288593197,72295023174,72295603167,72288623130,72288023152,72287493134"
los angeles,2007-06-17,74.9,60.4,66.3,74.9,60.4,66.3,55.8,70.2,0,0,0,,0,0,,8.1,223,1012.4,50.1,6.6,,,,,2007-06-17T05:41:19,2007-06-17T20:06:29,0.09,Partially cloudy,Clearing in the afternoon.,partly-cloudy-day,"72288593197,72295023174,72295603167,72288623130,72288023152,72287493134"
los angeles,2007-06-18,75.1,61.2,67.2,75.1,61.2,67.2,55.1,66.3,0,0,0,,0,0,,7,220.2,1011.9,42.2,7.9,,,,,2007-06-18T05:41:27,2007-06-18T20:06:46,0.12,Partially cloudy,Clearing in the afternoon.,partly-cloudy-day,"72288593197,72295023174,72295603167,72288623130,72288023152,72287493134"
los angeles,2007-06-19,77.6,61.4,68,77.6,61.4,68,55,64.7,0,0,0,,0,0,,7.9,229.5,1015.5,33.9,8.2,,,,,2007-06-19T05:41:36,2007-06-19T20:07:02,0.15,Partially cloudy,Clearing in the afternoon.,partly-cloudy-day,"72288593197,72295023174,72295603167,72288623130,72288023152,72287493134"
los angeles,2007-06-20,77.6,60.4,67.7,77.6,60.4,67.7,55.6,66.7,0,0,0,,0,0,30,9.1,229.8,1017.2,27.4,8.4,,,,,2007-06-20T05:41:47,2007-06-20T20:07:17,0.18,Partially cloudy,Clearing in the afternoon.,partly-cloudy-day,"72288593197,72295023174,72295603167,72288623130,72288023152,72287493134"
los angeles,2007-06-21,78.5,60.6,68.7,78.5,60.6,68.7,56.2,65.8,0,0,0,,0,0,,7.7,223.3,1014.7,2,8.6,,,,,2007-06-21T05:41:59,2007-06-21T20:07:30,0.22,Clear,Clear conditions throughout the day.,clear-day,"72288593197,72295023174,72295603167,72288623130,72288023152,72287493134"
los angeles,2007-06-22,81.2,61.3,70.5,81.3,61.3,70.5,56.4,62.5,0,0,0,,0,0,,7.7,209.7,1011.2,3.6,8.6,,,,,2007-06-22T05:42:12,2007-06-22T20:07:42,0.25,Clear,Clear conditions throughout the day.,clear-day,"72288593197,72295023174,72295603167,72288623130,72288023152,72287493134"
los angeles,2007-06-23,77.1,62.9,68.7,77.1,62.9,68.7,57.8,69.2,0,0,0,,0,0,,7.7,194.7,1011,25.5,8.6,,,,,2007-06-23T05:42:27,2007-06-23T20:07:52,0.28,Partially cloudy,Clearing in the afternoon.,partly-cloudy-day,"72288593197,72295023174,72295603167,72288623130,72288023152,72287493134"
los angeles,2007-06-24,74.5,63.1,67.5,74.5,63.1,67.5,57.6,71.5,0,0,0,,0,0,,7.3,224.7,1011.5,41.8,6.1,,,,,2007-06-24T05:42:43,2007-06-24T20:08:01,0.31,Partially cloudy,Clearing in the afternoon.,partly-cloudy-day,"72288593197,72295023174,72295603167,72288623130,72288023152,72287493134"
los angeles,2007-06-25,78.4,61.8,68.6,78.4,61.8,68.6,57.1,68.1,0,0,0,,0,0,,8.9,221.6,1012.6,19.2,7.2,,,,,2007-06-25T05:43:00,2007-06-25T20:08:08,0.35,Clear,Clear conditions throughout the day.,clear-day,"72288593197,72295023174,72295603167,72288623130,72288023152,72287493134"
los angeles,2007-06-26,78.8,61.1,69,78.8,61.1,69,56.5,65.7,0,0,0,,0,0,,6.6,224.9,1014.9,1.8,8.7,,,,,2007-06-26T05:43:19,2007-06-26T20:08:14,0.38,Clear,Clear conditions throughout the day.,clear-day,"72288593197,72295023174,72295603167,72288623130,72288023152,72287493134"
los angeles,2007-06-27,78,61.4,69,78,61.4,69,56.5,65.8,0,0,0,,0,0,,7.2,236,1015.3,4.3,8.2,,,,,2007-06-27T05:43:39,2007-06-27T20:08:18,0.41,Clear,Clear conditions throughout the day.,clear-day,"72288593197,72295023174,72295603167,72288623130,72288023152,72287493134"
los angeles,2007-06-28,81.2,63.1,71.1,81.3,63.1,71.1,57.3,63.5,0,0,0,,0,0,,7.5,223.8,1013.6,11.6,8.2,,,,,2007-06-28T05:44:00,2007-06-28T20:08:21,0.44,Clear,Clear conditions throughout the day.,clear-day,"72288593197,72295023174,72295603167,72288623130,72288023152,72287493134"
los angeles,2007-06-29,79.5,63.1,71.8,79.5,63.1,71.8,58.3,63.9,0,0,0,,0,0,,8.4,241.7,1013.1,4.8,8.6,,,,,2007-06-29T05:44:22,2007-06-29T20:08:22,0.47,Clear,Clear conditions throughout the day.,clear-day,"72288593197,72295023174,72295603167,72288623130,72288023152,72287493134"
los angeles,2007-06-30,80.8,64.4,72.4,81.7,64.4,72.5,59.8,65.7,0,0,0,,0,0,,8,230.3,1013.3,2.2,8.7,,,,,2007-06-30T05:44:46,2007-06-30T20:08:22,0.5,Clear,Clear conditions throughout the day.,clear-day,"72288593197,72295023174,72295603167,72288623130,72288023152,72287493134"
los angeles,2007-07-01,84.3,65.2,74.2,84.5,65.2,74.3,58.4,59.4,0,0,0,,0,0,,8.8,231.8,1012.4,2.1,9.7,,,,,2007-07-01T05:45:10,2007-07-01T20:08:20,0.54,Clear,Clear conditions throughout the day.,clear-day,"72288593197,72295023174,72295603167,72288623130,72288023152,72287493134"
los angeles,2007-07-02,86.2,66.2,75.2,85.1,66.2,75.1,59.5,60.2,0,0,0,,0,0,,6.8,229.6,1013.1,1.4,9.6,,,,,2007-07-02T05:45:36,2007-07-02T20:08:16,0.58,Clear,Clear conditions throughout the day.,clear-day,"72288593197,72295023174,72295603167,72288623130,72288023152,72287493134"
los angeles,2007-07-03,86.3,66.5,76.4,86.2,66.5,76.4,59.3,57.3,0,0,0,,0,0,,7.9,228,1012.5,2,9.7,,,,,2007-07-03T05:46:03,2007-07-03T20:08:11,0.62,Clear,Clear conditions throughout the day.,clear-day,"72288593197,72295023174,72295603167,72288623130,72288023152,72287493134"
los angeles,2007-07-04,81.8,66.8,73.2,83,66.8,73.4,61.9,68.6,0,0,0,,0,0,,7.8,237.5,1010.7,10.5,6.9,,,,,2007-07-04T05:46:31,2007-07-04T20:08:04,0.65,Clear,Clear conditions throughout the day.,clear-day,"72288593197,72295023174,72295603167,72288623130,72288023152,72287493134"
los angeles,2007-07-05,78.8,65.4,71,78.8,65.4,71,61.4,72.9,0,0,0,,0,0,,6.7,218,1010.8,16.5,5.2,,,,,2007-07-05T05:46:59,2007-07-05T20:07:55,0.69,Clear,Clear conditions throughout the day.,clear-day,"72288593197,72295023174,72295603167,72288623130,72288023152,72287493134"
los angeles,2007-07-06,80.6,65.1,70.6,81.9,65.1,70.7,61,72.5,0,0,0,,0,0,,6.7,220.2,1012.2,38,6.2,,,,,2007-07-06T05:47:29,2007-07-06T20:07:45,0.72,Partially cloudy,Clearing in the afternoon.,partly-cloudy-day,"72288593197,72295023174,72295603167,72288623130,72288023152,72287493134"
los angeles,2007-07-07,77.1,64.8,69.6,77.1,64.8,69.6,59.9,72.2,0,0,0,,0,0,,7.8,231.4,1012.8,38.4,6,,,,,2007-07-07T05:48:00,2007-07-07T20:07:33,0.75,Partially cloudy,Clearing in the afternoon.,partly-cloudy-day,"72288593197,72295023174,72295603167,72288623130,72288023152,72287493134"
los angeles,2007-07-08,78.6,65.4,70.8,78.6,65.4,70.8,59.8,69.1,0,0,0,,0,0,,7.7,202.4,1012.4,45.7,8.4,,,,,2007-07-08T05:48:31,2007-07-08T20:07:20,0.79,Partially cloudy,Clearing in the afternoon.,partly-cloudy-day,"72288593197,72295023174,72295603167,72288623130,72288023152,72287493134"
los angeles,2007-07-09,78,66,70.2,78,66,70.2,59,68.3,0,0,0,,0,0,,8.3,220.4,1013.3,52.3,8.7,,,,,2007-07-09T05:49:04,2007-07-09T20:07:05,0.83,Partially cloudy,Clearing in the afternoon.,partly-cloudy-day,"72288593197,72295023174,72295603167,72288623130,72288023152,72287493134"
los angeles,2007-07-10,77.8,65.3,69.1,77.8,65.3,69.1,58.6,69.6,0,0,0,,0,0,,7.9,225.8,1014.2,56.4,8.9,,,,,2007-07-10T05:49:37,2007-07-10T20:06:48,0.87,Partially cloudy,Clearing in the afternoon.,partly-cloudy-day,"72288593197,72295023174,72295603167,72288623130,72288023152,72287493134"
los angeles,2007-07-11,76.4,64.4,69.2,76.4,64.4,69.2,57.2,66.5,0,0,0,,0,0,,8.4,240.7,1016,51.1,9.9,,,,,2007-07-11T05:50:11,2007-07-11T20:06:30,0.9,Partially cloudy,Partly cloudy throughout the day.,partly-cloudy-day,"72288593197,72295023174,72295603167,72288623130,72288023152,72287493134"
los angeles,2007-07-12,78.2,61.9,69.7,78.2,61.9,69.7,56.3,63.8,0,0,0,,0,0,30,8.2,226.9,1016,2.7,9.9,,,,,2007-07-12T05:50:46,2007-07-12T20:06:10,0.94,Clear,Clear conditions throughout the day.,clear-day,"72288593197,72295023174,72295603167,72288623130,72288023152,72287493134"
los angeles,2007-07-13,85.8,63.1,73.9,83.9,63.1,73.6,55.6,55.6,0,0,0,,0,0,,6.9,228.8,1014.8,1.9,9.9,,,,,2007-07-13T05:51:21,2007-07-13T20:05:48,0.97,Clear,Clear conditions throughout the day.,clear-day,"72288593197,72295023174,72295603167,72288623130,72288023152,72287493134"
los angeles,2007-07-14,83.4,67,73.2,84,67,73.3,59.7,63.4,0,0,0,,0,0,,8.7,231.7,1014.3,4.7,9.8,,,,,2007-07-14T05:51:57,2007-07-14T20:05:25,0,Clear,Clear conditions throughout the day.,clear-day,"72288593197,72295023174,72295603167,72288623130,72288023152,72287493134"
los angeles,2007-07-15,80.2,67,72.1,81.2,67,72.2,60.4,67.5,0,0,0,,0,0,,7.8,211,1013.6,9.8,9.4,,,,,2007-07-15T05:52:34,2007-07-15T20:05:00,0.04,Clear,Clear conditions throughout the day.,clear-day,"72288593197,72295023174,72295603167,72288623130,72288023152,72287493134"
los angeles,2007-07-16,78.2,65.4,70.2,78.2,65.4,70.2,60.1,71.3,0,0,0,,0,0,,8.7,220.6,1012.4,29.8,7.2,,,,,2007-07-16T05:53:12,2007-07-16T20:04:34,0.07,Partially cloudy,Clearing in the afternoon.,partly-cloudy-day,"72288593197,72295023174,72295603167,72288623130,72288023152,72287493134"
los angeles,2007-07-17,77.3,63.3,69.7,77.3,63.3,69.7,58,66.9,0,0,0,,0,0,,7.7,222.6,1011.3,10.8,8.1,,,,,2007-07-17T05:53:50,2007-07-17T20:04:05,0.11,Clear,Clear conditions throughout the day.,clear-day,"72288593197,72295023174,72295603167,72288623130,72288023152,72287493134"
los angeles,2007-07-18,77.8,63.1,70.9,77.8,63.1,70.9,58,64.6,0,0,0,,0,0,,7.9,225.6,1011.4,2.4,9.9,,,,,2007-07-18T05:54:28,2007-07-18T20:03:36,0.14,Clear,Clear conditions throughout the day.,clear-day,"72288593197,72295023174,72295603167,72288623130,72288023152,72287493134"
los angeles,2007-07-19,81.7,64.4,72.3,82.5,64.4,72.4,59.9,66.2,0,0,0,,0,0,,7,225.1,1010.2,1.9,9.8,,,,,2007-07-19T05:55:07,2007-07-19T20:03:05,0.17,Clear,Clear conditions throughout the day.,clear-day,"72288593197,72295023174,72295603167,72288623130,72288023152,72287493134"
los angeles,2007-07-20,81.1,65.6,71.1,81.9,65.6,71.1,60.3,69.7,0,0,0,,0,0,,6.8,221.4,1011.2,15,7.5,,,,,2007-07-20T05:55:47,2007-07-20T20:02:32,0.2,Clear,Clear conditions throughout the day.,clear-day,"72288593197,72295023174,72295603167,72288623130,72288023152,72287493134"
los angeles,2007-07-21,80,66.2,70.6,80,66.2,70.6,60.5,71.5,0,0,0,,0,0,,9.9,217.4,1014.1,31.5,6.4,,,,,2007-07-21T05:56:27,2007-07-21T20:01:57,0.25,Partially cloudy,Partly cloudy throughout the day.,partly-cloudy-day,"72288593197,72295023174,72295603167,72288623130,72288023152,72287493134"
los angeles,2007-07-22,80.6,66.2,71.8,81.6,66.2,71.9,60.7,68.8,0,0,0,,0,0,,7.2,214.9,1014.7,14.7,5.9,,,,,2007-07-22T05:57:07,2007-07-22T20:01:22,0.27,Clear,Clear conditions throughout the day.,clear-day,"72288593197,72295023174,72295603167,72288623130,72288023152,72287493134"
los angeles,2007-07-23,84.3,66.2,73.7,85.1,66.2,74,61.6,67.1,0.001,100,4.17,rain,0,0,,7,227.6,1012.2,9,7.6,,,,,2007-07-23T05:57:48,2007-07-23T20:00:44,0.3,Rain,Clear conditions throughout the day with morning rain.,rain,"72288593197,72295023174,72295603167,72288623130,72288023152,72287493134"
los angeles,2007-07-24,81.5,67.9,73.4,82.5,67.9,73.7,61.9,68.2,0,0,0,,0,0,,7.9,222.3,1010.7,18.6,8.1,,,,,2007-07-24T05:58:29,2007-07-24T20:00:05,0.33,Clear,Clear conditions throughout the day.,clear-day,"72288593197,72295023174,72295603167,72288623130,72288023152,72287493134"
los angeles,2007-07-25,83,67,73.7,83.9,67,74,61.5,66.9,0,0,0,,0,0,,7.8,224.9,1011.2,7.7,7.2,,,,,2007-07-25T05:59:10,2007-07-25T19:59:25,0.36,Clear,Clear conditions throughout the day.,clear-day,"72288593197,72295023174,72295603167,72288623130,72288023152,72287493134"
los angeles,2007-07-26,85.5,67.2,76,85.7,67.2,75.9,58.9,57.5,0,0,0,,0,0,31.1,8.4,236.6,1012,1.6,9.5,,,,,2007-07-26T05:59:52,2007-07-26T19:58:43,0.4,Clear,Clear conditions throughout the day.,clear-day,"72288593197,72295023174,72295603167,72288623130,72288023152,72287493134"
los angeles,2007-07-27,87.9,68.1,76.3,86.3,68.1,76,58,55.5,0,0,0,,0,0,,8.6,234.6,1013,2,9.9,,,,,2007-07-27T06:00:34,2007-07-27T19:58:00,0.43,Clear,Clear conditions throughout the day.,clear-day,"72288593197,72295023174,72295603167,72288623130,72288023152,72287493134"
los angeles,2007-07-28,83.6,67.3,74.4,84.7,67.3,74.5,60.8,63.8,0,0,0,,0,0,,7.3,226.6,1012.7,4.8,9.4,,,,,2007-07-28T06:01:16,2007-07-28T19:57:15,0.46,Clear,Clear conditions throughout the day.,clear-day,"72288593197,72295023174,72295603167,72288623130,72288023152,72287493134"
los angeles,2007-07-29,81.5,66.2,72.4,82,66.2,72.5,60.4,67.4,0,0,0,,0,0,,8.6,220.7,1010.9,9.8,9,,,,,2007-07-29T06:01:59,2007-07-29T19:56:29,0.5,Clear,Clear conditions throughout the day.,clear-day,"72288593197,72295023174,72295603167,72288623130,72288023152,72287493134"
los angeles,2007-07-30,80.1,66.1,72.1,81.3,66.1,72.2,61.2,69.8,0,0,0,,0,0,,7.1,226.5,1009.4,15.4,8.7,,,,,2007-07-30T06:02:42,2007-07-30T19:55:41,0.53,Clear,Clear conditions throughout the day.,clear-day,"72288593197,72295023174,72295603167,72288623130,72288023152,72287493134"
los angeles,2007-07-31,80.1,68.1,72.3,81.2,68.1,72.4,61.6,69.9,0,0,0,,0,0,,6.2,208,1011.1,50.3,8,,,,,2007-07-31T06:03:24,2007-07-31T19:54:52,0.56,Partially cloudy,Clearing in the afternoon.,partly-cloudy-day,"72288593197,72295023174,72295603167,72288623130,72288023152,72287493134"
los angeles,2007-08-01,81.3,67.2,72.3,82.8,67.2,72.5,62.2,71.2,0,0,0,,0,0,,7.5,235.7,1012.1,57.4,6.2,,,,,2007-08-01T06:04:07,2007-08-01T19:54:02,0.6,Partially cloudy,Clearing in the afternoon.,partly-cloudy-day,"72288593197,72295023174,72295603167,72288623130,72288023152,72287493134"
los angeles,2007-08-02,77.3,66.6,70.3,77.3,66.6,70.3,61.6,74.5,0,0,0,,0,0,,6.9,240.5,1013.4,56.8,6.9,,,,,2007-08-02T06:04:51,2007-08-02T19:53:10,0.63,Partially cloudy,Clearing in the afternoon.,partly-cloudy-day,"72288593197,72295023174,72295603167,72288623130,72288023152,72287493134"
los angeles,2007-08-03,82.5,65.3,71.6,83.1,65.3,71.7,61.3,71.4,0,0,0,,0,0,,7.3,226.4,1013.1,37.4,6,,,,,2007-08-03T06:05:34,2007-08-03T19:52:17,0.67,Partially cloudy,Clearing in the afternoon.,partly-cloudy-day,"72288593197,72295023174,72295603167,72288623130,72288023152,72287493134"
los angeles,2007-08-04,80,67.2,72.4,81.3,67.2,72.5,61.6,69.6,0,0,0,,0,0,,8.6,223.8,1013.2,42.2,7.8,,,,,2007-08-04T06:06:17,2007-08-04T19:51:23,0.71,Partially cloudy,Clearing in the afternoon.,partly-cloudy-day,"72288593197,72295023174,72295603167,72288623130,72288023152,72287493134"
los angeles,2007-08-05,78.6,68.1,72,78.6,68.1,72,59.2,64.9,0,0,0,,0,0,,7.5,214.9,1014.1,55.7,9.8,,,,,2007-08-05T06:07:01,2007-08-05T19:50:27,0.75,Partially cloudy,Clearing in the afternoon.,partly-cloudy-day,"72288593197,72295023174,72295603167,72288623130,72288023152,72287493134"
los angeles,2007-08-06,77.4,66.2,71.2,77.4,66.2,71.2,59.4,66.8,0,0,0,,0,0,32.2,7.9,224.3,1014.4,49.9,9.7,,,,,2007-08-06T06:07:44,2007-08-06T19:49:31,0.78,Partially cloudy,Clearing in the afternoon.,partly-cloudy-day,"72288593197,72295023174,72295603167,72288623130,72288023152,72287493134"
los angeles,2007-08-07,77.1,64.1,69.9,77.1,64.1,69.9,56.9,64.4,0,0,0,,0,0,30,7.3,220.8,1014.4,28.7,9.5,,,,,2007-08-07T06:08:28,2007-08-07T19:48:33,0.81,Partially cloudy,Clearing in the afternoon.,partly-cloudy-day,"72288593197,72295023174,72295603167,72288623130,72288023152,72287493134"
los angeles,2007-08-08,78.4,63.9,70.6,78.4,63.9,70.6,57.6,64.7,0,0,0,,0,0,31.1,7.8,222.4,1012.9,0.7,9.7,,,,,2007-08-08T06:09:11,2007-08-08T19:47:34,0.85,Clear,Clear conditions throughout the day.,clear-day,"72288593197,72295023174,72295603167,72288623130,72288023152,72287493134"
los angeles,2007-08-09,78.2,64,70.4,78.2,64,70.4,58.7,67.4,0,0,0,,0,0,,8.2,229.7,1013.5,2.3,9.9,,,,,2007-08-09T06:09:55,2007-08-09T19:46:33,0.89,Clear,Clear conditions throughout the day.,clear-day,"72288593197,72295023174,72295603167,72288623130,72288023152,72287493134"
los angeles,2007-08-10,78.3,64.4,69.7,78.3,64.4,69.7,59,69.7,0,0,0,,0,0,,9.1,243.5,1014,33.2,8.1,,,,,2007-08-10T06:10:38,2007-08-10T19:45:32,0.92,Partially cloudy,Clearing in the afternoon.,partly-cloudy-day,"72288593197,72295023174,72295603167,72288623130,72288023152,72287493134"
los angeles,2007-08-11,78.8,64.2,69.3,78.8,64.2,69.3,59.5,72,0,0,0,,0,0,,8.2,231.9,1013.4,43.3,6.3,,,,,2007-08-11T06:11:21,2007-08-11T19:44:30,0.96,Partially cloudy,Clearing in the afternoon.,partly-cloudy-day,"72288593197,72295023174,72295603167,72288623130,72288023152,72287493134"
los angeles,2007-08-12,81.9,64.1,72,82.2,64.1,72.1,58.8,65,0,0,0,,0,0,,8.3,234.9,1014,1.9,9,,,,,2007-08-12T06:12:05,2007-08-12T19:43:26,0,Clear,Clear conditions throughout the day.,clear-day,"72288593197,72295023174,72295603167,72288623130,72288023152,72287493134"
los angeles,2007-08-13,87.7,64.6,74.9,85.9,64.6,74.5,56.7,56.1,0,0,0,,0,0,,7.6,236.5,1013.6,2.2,9.8,,,,,2007-08-13T06:12:48,2007-08-13T19:42:21,0.03,Clear,Clear conditions throughout the day.,clear-day,"72288593197,72295023174,72295603167,72288623130,72288023152,72287493134"
los angeles,2007-08-14,89,67.2,76.1,86.9,67.2,75.8,58.8,57.5,0,0,0,,0,0,,7.6,224.6,1011,4,9.8,,,,,2007-08-14T06:13:32,2007-08-14T19:41:16,0.06,Clear,Clear conditions throughout the day.,clear-day,"72288593197,72295023174,72295603167,72288623130,72288023152,72287493134"
los angeles,2007-08-15,87.1,68.3,76.2,86.6,68.3,76.1,58.6,56.4,0,0,0,,0,0,30,8,234.5,1009.2,2.8,9.7,,,,,2007-08-15T06:14:15,2007-08-15T19:40:09,0.09,Clear,Clear conditions throughout the day.,clear-day,"72288593197,72295023174,72295603167,72288623130,72288023152,72287493134"
los angeles,2007-08-16,88,68.5,76.8,86.6,68.5,76.5,57.6,53.6,0,0,0,,0,0,,6.6,237.1,1008.8,1.5,9.9,,,,,2007-08-16T06:14:58,2007-08-16T19:39:01,0.12,Clear,Clear conditions throughout the day.,clear-day,"72288593197,72295023174,72295603167,72288623130,72288023152,72287493134"
los angeles,2007-08-17,86.9,71,78,87.1,71,78,59.5,54.5,0,0,0,,0,0,,6.2,211.3,1008.4,1.4,9.7,,,,,2007-08-17T06:15:41,2007-08-17T19:37:53,0.16,Clear,Clear conditions throughout the day.,clear-day,"72288593197,72295023174,72295603167,72288623130,72288023152,72287493134"
los angeles,2007-08-18,88.5,70.2,77.9,89,70.2,78,58.4,51.9,0,0,0,,0,0,,7,224.9,1008.4,1.2,9.8,,,,,2007-08-18T06:16:24,2007-08-18T19:36:43,0.19,Clear,Clear conditions throughout the day.,clear-day,"72288593197,72295023174,72295603167,72288623130,72288023152,72287493134"
los angeles,2007-08-19,88.6,68.1,75.9,87.6,68.1,75.9,58.7,56.8,0,0,0,,0,0,,7,218.3,1010.8,3.4,9.7,,,,,2007-08-19T06:17:07,2007-08-19T19:35:33,0.22,Clear,Clear conditions throughout the day.,clear-day,"72288593197,72295023174,72295603167,72288623130,72288023152,72287493134"
los angeles,2007-08-20,87.5,65.3,75.9,85.4,65.3,75.2,54.8,51.1,0,0,0,,0,0,,8.3,234.7,1012.7,0.9,9.7,,,,,2007-08-20T06:17:50,2007-08-20T19:34:22,0.25,Clear,Clear conditions throughout the day.,clear-day,"72288593197,72295023174,72295603167,72288623130,72288023152,72287493134"
los angeles,2007-08-21,87.2,65.4,74.1,87.3,65.4,74.1,58.9,60.9,0,0,0,,0,0,,7.1,228.9,1011.5,2.1,9.6,,,,,2007-08-21T06:18:33,2007-08-21T19:33:09,0.29,Clear,Clear conditions throughout the day.,clear-day,"72288593197,72295023174,72295603167,72288623130,72288023152,72287493134"
los angeles,2007-08-22,81.7,65.3,72.1,82.2,65.3,72.2,60.9,69,0,0,0,,0,0,,6.8,227.3,1009,15.9,8.3,,,,,2007-08-22T06:19:16,2007-08-22T19:31:57,0.32,Clear,Clear conditions throughout the day.,clear-day,"72288593197,72295023174,72295603167,72288623130,72288023152,72287493134"
los angeles,2007-08-23,79.5,66.9,71.5,79.5,66.9,71.5,60.4,68.6,0,0,0,,0,0,,6.9,204,1007.9,59,9.1,,,,,2007-08-23T06:19:58,2007-08-23T19:30:43,0.35,Partially cloudy,Clearing in the afternoon.,partly-cloudy-day,"72288593197,72295023174,72295603167,72288623130,72288023152,72287493134"
los angeles,2007-08-24,78.2,65.9,70.2,78.2,65.9,70.2,59.8,70.4,0,0,0,,0,0,32.2,8.6,235.8,1008.9,50.5,7.2,,,,,2007-08-24T06:20:41,2007-08-24T19:29:28,0.38,Partially cloudy,Clearing in the afternoon.,partly-cloudy-day,"72288593197,72295023174,72295603167,72288623130,72288023152,72287493134"
los angeles,2007-08-25,75.8,64.3,69.8,75.8,64.3,69.8,58.2,67.3,0,0,0,,0,0,30,7.1,238.4,1011.6,6.3,9.8,,,,,2007-08-25T06:21:23,2007-08-25T19:28:13,0.41,Clear,Clear conditions throughout the day.,clear-day,"72288593197,72295023174,72295603167,72288623130,72288023152,72287493134"
los angeles,2007-08-26,82.9,66.4,72.3,82.4,66.4,72.3,58.5,63.2,0,0,0,,0,0,32.2,9.5,225,1011,6.3,9.9,,,,,2007-08-26T06:22:06,2007-08-26T19:26:57,0.45,Clear,Clear conditions throughout the day.,clear-day,"72288593197,72295023174,72295603167,72288623130,72288023152,72287493134"
los angeles,2007-08-27,82.5,65.4,72.9,82.4,65.4,72.9,58.3,62.1,0,0,0,,0,0,,6.5,231.8,1010.3,2,9.9,,,,,2007-08-27T06:22:48,2007-08-27T19:25:41,0.48,Clear,Clear conditions throughout the day.,clear-day,"72288593197,72295023174,72295603167,72288623130,72288023152,72287493134"
los angeles,2007-08-28,83.6,65.6,73.6,83.9,65.6,73.8,59.5,62.8,0,0,0,,0,0,,7.6,232.5,1009.8,1.5,9.8,,,,,2007-08-28T06:23:30,2007-08-28T19:24:24,0.5,Clear,Clear conditions throughout the day.,clear-day,"72288593197,72295023174,72295603167,72288623130,72288023152,72287493134"
los angeles,2007-08-29,84.8,68.5,75.7,84.6,68.5,75.7,58.5,56.3,0,0,0,,0,0,,8.3,225.2,1009.4,2.2,9.7,,,,,2007-08-29T06:24:12,2007-08-29T19:23:06,0.55,Clear,Clear conditions throughout the day.,clear-day,"72288593197,72295023174,72295603167,72288623130,72288023152,72287493134"
los angeles,2007-08-30,90.1,71,78.9,90.6,71,79.1,60.5,54.3,0,0,0,,0,0,31.1,5.5,215.4,1011.1,5,9.7,,,,,2007-08-30T06:24:54,2007-08-30T19:21:47,0.58,Clear,Clear conditions throughout the day.,clear-day,"72288593197,72295023174,72295603167,72288623130,72288023152,72287493134"
los angeles,2007-08-31,94.2,71,80,93.8,71,80,60.8,53.8,0,0,0,,0,0,31.1,6.9,235.8,1010.5,3.4,9.8,,,,,2007-08-31T06:25:36,2007-08-31T19:20:29,0.62,Clear,Clear conditions throughout the day.,clear-day,"72288593197,72295023174,72295603167,72288623130,72288023152,72287493134"
los angeles,2007-09-01,93.6,74,81.2,95.4,74,81.5,61.3,52.2,0,0,0,,0,0,,7,235.5,1008.4,2.3,9.7,,,,,2007-09-01T06:26:17,2007-09-01T19:19:09,0.65,Clear,Clear conditions throughout the day.,clear-day,"72288593197,72295023174,72295603167,72288623130,72288023152,72287493134"
los angeles,2007-09-02,98.4,74.4,84.8,99.9,74.4,85.2,61.9,48.6,0,0,0,,0,0,,6.7,230.8,1007.9,3.4,9.9,,,,,2007-09-02T06:26:59,2007-09-02T19:17:49,0.69,Clear,Clear conditions throughout the day.,clear-day,"72288593197,72295023174,72295603167,72288623130,72288023152,72287493134"
los angeles,2007-09-03,96.8,77.2,85.3,98.4,77.2,85.2,60.4,45,0,0,0,,0,0,,7,237.7,1008,2.4,9.7,,,,,2007-09-03T06:27:41,2007-09-03T19:16:29,0.75,Clear,Clear conditions throughout the day.,clear-day,"72288593197,72295023174,72295603167,72288623130,72288023152,72287493134"
los angeles,2007-09-04,89.6,70.3,80,90.3,70.3,79.9,58.6,49,0,0,0,,0,0,,7.1,210.2,1007,1.1,9.9,,,,,2007-09-04T06:28:22,2007-09-04T19:15:08,0.76,Clear,Clear conditions throughout the day.,clear-day,"72288593197,72295023174,72295603167,72288623130,72288023152,72287493134"
los angeles,2007-09-05,82.7,67,73,83.3,67,73.1,60,64.4,0,0,0,,0,0,,7.1,188.6,1006.4,27.7,9.6,,,,,2007-09-05T06:29:04,2007-09-05T19:13:46,0.8,Partially cloudy,Clearing in the afternoon.,partly-cloudy-day,"72288593197,72295023174,72295603167,72288623130,72288023152,72287493134"
los angeles,2007-09-06,78,66.1,70.2,78,66.1,70.2,57.7,65.1,0,0,0,,0,0,,8.1,195.4,1012.5,62.2,9.8,,,,,2007-09-06T06:29:45,2007-09-06T19:12:25,0.83,Partially cloudy,Clearing in the afternoon.,partly-cloudy-day,"72288593197,72295023174,72295603167,72288623130,72288023152,72287493134"
los angeles,2007-09-07,75.4,65,69.1,75.4,65,69.1,56.8,65.2,0,0,0,,0,0,,9.8,244.2,1015.5,21.8,9.8,,,,,2007-09-07T06:30:27,2007-09-07T19:11:03,0.87,Partially cloudy,Clearing in the afternoon.,partly-cloudy-day,"72288593197,72295023174,72295603167,72288623130,72288023152,72287493134"
los angeles,2007-09-08,77.4,63,68.9,77.4,63,68.9,55.6,63.6,0,0,0,,0,0,,9.4,234.4,1013.1,0.7,9.9,,,,,2007-09-08T06:31:08,2007-09-08T19:09:40,0.9,Clear,Clear conditions throughout the day.,clear-day,"72288593197,72295023174,72295603167,72288623130,72288023152,72287493134"
los angeles,2007-09-09,77.1,63,68.8,77.1,63,68.8,55.1,62.8,0,0,0,,0,0,,8.5,230.4,1013.2,1.2,9.9,,,,,2007-09-09T06:31:49,2007-09-09T19:08:17,0.94,Clear,Clear conditions throughout the day.,clear-day,"72288593197,72295023174,72295603167,72288623130,72288023152,72287493134"
los angeles,2007-09-10,79.9,61.8,70.4,79.9,61.8,70.4,54,57.7,0,0,0,,0,0,32.2,7.6,238.8,1014.2,0.8,9.8,,,,,2007-09-10T06:32:31,2007-09-10T19:06:54,0.97,Clear,Clear conditions throughout the day.,clear-day,"72288593197,72295023174,72295603167,72288623130,72288023152,72287493134"
los angeles,2007-09-11,81.4,62.3,71.6,81.1,62.3,71.6,54.6,57.4,0,0,0,,0,0,,7.3,238.8,1013.6,0.1,9.9,,,,,2007-09-11T06:33:12,2007-09-11T19:05:31,0,Clear,Clear conditions throughout the day.,clear-day,"72288593197,72295023174,72295603167,72288623130,72288023152,72287493134"
los angeles,2007-09-12,82.8,61.3,71.1,82.1,61.3,71,54.2,57.7,0,0,0,,0,0,38,7.1,231.7,1012.9,1.5,9.4,,,,,2007-09-12T06:33:53,2007-09-12T19:04:08,0.04,Clear,Clear conditions throughout the day.,clear-day,"72288593197,72295023174,72295603167,72288623130,72288023152,72287493134"
los angeles,2007-09-13,81.4,62.5,70.6,80.9,62.5,70.5,54.2,58,0,0,0,,0,0,,6.3,220.2,1012.7,2,9.8,,,,,2007-09-13T06:34:35,2007-09-13T19:02:44,0.07,Clear,Clear conditions throughout the day.,clear-day,"72288593197,72295023174,72295603167,72288623130,72288023152,72287493134"
los angeles,2007-09-14,79.8,61.8,69.7,79.8,61.8,69.7,53.7,58.5,0,0,0,,0,0,,6.7,223.4,1013.3,0.7,9.9,,,,,2007-09-14T06:35:16,2007-09-14T19:01:20,0.11,Clear,Clear conditions throughout the day.,clear-day,"72288593197,72295023174,72295603167,72288623130,72288023152,72287493134"
los angeles,2007-09-15,79.2,60,68.8,79.2,60,68.8,54,61.2,0,0,0,,0,0,,9.6,242.3,1014.1,0.1,9.7,,,,,2007-09-15T06:35:58,2007-09-15T18:59:56,0.14,Clear,Clear conditions throughout the day.,clear-day,"72288593197,72295023174,72295603167,72288623130,72288023152,72287493134"
los angeles,2007-09-16,76,61.2,67.2,76,61.2,67.2,56,68.2,0,0,0,,0,0,,7.5,217.7,1014.1,1.5,9.5,,,,,2007-09-16T06:36:39,2007-09-16T18:58:32,0.17,Clear,Clear conditions throughout the day.,clear-day,"72288593197,72295023174,72295603167,72288623130,72288023152,72287493134"
los angeles,2007-09-17,73.5,61.8,66.5,73.5,61.8,66.5,53.7,64.4,0,0,0,,0,0,,8.4,207.4,1014,33.5,9.9,,,,,2007-09-17T06:37:21,2007-09-17T18:57:08,0.2,Partially cloudy,Clearing in the afternoon.,partly-cloudy-day,"72288593197,72295023174,72295603167,72288623130,72288023152,72287493134"
los angeles,2007-09-18,76,60,66.1,76,60,66.1,55.6,69.9,0,0,0,,0,0,,9.1,227.3,1014.3,17.2,8.9,,,,,2007-09-18T06:38:02,2007-09-18T18:55:43,0.24,Clear,Clear conditions throughout the day.,clear-day,"72288593197,72295023174,72295603167,72288623130,72288023152,72287493134"
los angeles,2007-09-19,70.4,62.2,65.4,70.4,62.2,65.4,54.8,69,0,0,0,,0,0,,9.2,235.5,1013.2,84.4,9.2,,,,,2007-09-19T06:38:44,2007-09-19T18:54:19,0.25,Partially cloudy,Partly cloudy throughout the day.,partly-cloudy-day,"72288593197,72295023174,72295603167,72288623130,72288023152,72287493134"
los angeles,2007-09-20,70.3,58.2,63.7,70.3,58.2,63.7,45.4,53.3,0,0,0,,0,0,,8.9,230.5,1011.4,37.8,9.9,,,,,2007-09-20T06:39:26,2007-09-20T18:52:55,0.3,Partially cloudy,Clearing in the afternoon.,partly-cloudy-day,"72288593197,72295023174,72295603167,72288623130,72288023152,72287493134"
los angeles,2007-09-21,77.4,57.6,65.4,77.4,57.6,65.4,46.3,52.3,0.051,100,16.67,rain,0,0,,10.3,136.7,1011.5,38.7,9.8,,,,,2007-09-21T06:40:07,2007-09-21T18:51:30,0.34,"Rain, Partially cloudy",Partly cloudy throughout the day with late afternoon rain.,rain,"72288593197,72295023174,72295603167,72288623130,72288023152,72287493134"
los angeles,2007-09-22,67.6,60.1,63.4,67.6,60.1,63.4,55,74.7,0.525,100,50,rain,0,0,31.1,11.6,133.4,1012.6,78.3,9.2,,,,,2007-09-22T06:40:49,2007-09-22T18:50:06,0.37,"Rain, Partially cloudy",Partly cloudy throughout the day with a chance of rain throughout the day.,rain,"72288593197,72295023174,72295603167,72288623130,72288023152,72287493134"
los angeles,2007-09-23,70.5,55.3,63,70.5,55.3,63,52.2,69.2,0,0,0,,0,0,,8.5,246.9,1014.8,10.3,9.9,,,,,2007-09-23T06:41:31,2007-09-23T18:48:42,0.4,Clear,Clear conditions throughout the day.,clear-day,"72288593197,72295023174,72295603167,72288623130,72288023152,72287493134"
los angeles,2007-09-24,74.9,57,65.4,74.9,57,65.4,53.7,67.2,0,0,0,,0,0,,8.4,249.7,1015.6,1.7,9.7,,,,,2007-09-24T06:42:14,2007-09-24T18:47:18,0.43,Clear,Clear conditions throughout the day.,clear-day,"72288593197,72295023174,72295603167,72288623130,72288023152,72287493134"
los angeles,2007-09-25,79.1,60.1,68.5,79.1,60.1,68.5,55.8,65.9,0,0,0,,0,0,,7.1,240.1,1015.6,1.6,9.3,,,,,2007-09-25T06:42:56,2007-09-25T18:45:54,0.47,Clear,Clear conditions throughout the day.,clear-day,"72288593197,72295023174,72295603167,72288623130,72288023152,72287493134"
los angeles,2007-09-26,82.6,61.1,70,81.4,61.1,70,55,61.7,0,0,0,,0,0,,7.9,235.1,1014.7,2.1,9.4,,,,,2007-09-26T06:43:39,2007-09-26T18:44:30,0.5,Clear,Clear conditions throughout the day.,clear-day,"72288593197,72295023174,72295603167,72288623130,72288023152,72287493134"
los angeles,2007-09-27,78.4,61.5,68.2,78.4,61.5,68.2,56.9,68.4,0,0,0,,0,0,,9.5,250.4,1013.4,10.4,8,,,,,2007-09-27T06:44:21,2007-09-27T18:43:06,0.53,Clear,Clear conditions throughout the day.,clear-day,"72288593197,72295023174,72295603167,72288623130,72288023152,72287493134"
los angeles,2007-09-28,68.8,64,65.5,68.8,64,65.5,55.6,70.7,0,0,0,,0,0,,5.3,227.7,1011.8,93.6,8.9,,,,,2007-09-28T06:45:04,2007-09-28T18:41:43,0.57,Overcast,Cloudy skies throughout the day.,cloudy,"72288593197,72295023174,72295603167,72288623130,72288023152,72287493134"
los angeles,2007-09-29,74,61.1,66.4,74,61.1,66.4,53.4,64,0,0,0,,0,0,,7.4,223.4,1012.4,37.2,9.5,,,,,2007-09-29T06:45:47,2007-09-29T18:40:20,0.6,Partially cloudy,Clearing in the afternoon.,partly-cloudy-day,"72288593197,72295023174,72295603167,72288623130,72288023152,72287493134"
los angeles,2007-09-30,83.3,58.7,69.2,81.5,58.7,69,52.4,57.9,0,0,0,,0,0,,5.2,234.8,1015,0.1,9.9,,,,,2007-09-30T06:46:31,2007-09-30T18:38:57,0.64,Clear,Clear conditions throughout the day.,clear-day,"72288593197,72295023174,72295603167,72288623130,72288023152,72287493134"
los angeles,2007-10-01,78.8,59.9,67.9,78.8,59.9,67.9,54.2,63.6,0,0,0,,0,0,,6,227.7,1016.4,1,9.1,,,,,2007-10-01T06:47:14,2007-10-01T18:37:35,0.67,Clear,Clear conditions throughout the day.,clear-day,"72288593197,72295023174,72295603167,72288623130,72288023152,72287493134"
los angeles,2007-10-02,84.2,60.3,70.1,82.6,60.3,69.9,53.5,58.1,0,0,0,,0,0,,6,236.8,1015.6,0.6,9.6,,,,,2007-10-02T06:47:58,2007-10-02T18:36:12,0.71,Clear,Clear conditions throughout the day.,clear-day,"72288593197,72295023174,72295603167,72288623130,72288023152,72287493134"
los angeles,2007-10-03,82.6,59.2,69.4,81.1,59.2,69.2,52.5,58.4,0,0,0,,0,0,,7.3,238.5,1012.9,0.9,8.4,,,,,2007-10-03T06:48:42,2007-10-03T18:34:50,0.75,Clear,Clear conditions throughout the day.,clear-day,"72288593197,72295023174,72295603167,72288623130,72288023152,72287493134"
los angeles,2007-10-04,74.9,60,66.4,74.9,60,66.4,55.7,69.5,0,0,0,,0,0,,8.1,194.8,1010,40.3,8.7,,,,,2007-10-04T06:49:26,2007-10-04T18:33:29,0.78,Partially cloudy,Clearing in the afternoon.,partly-cloudy-day,"72288593197,72295023174,72295603167,72288623130,72288023152,72287493134"
los angeles,2007-10-05,68.4,59.9,63.6,68.4,59.9,63.6,47.4,56.8,0,0,0,,0,0,42.9,11.9,255.5,1011.2,37.9,9.9,,,,,2007-10-05T06:50:11,2007-10-05T18:32:08,0.81,Partially cloudy,Clearing in the afternoon.,partly-cloudy-day,"72288593197,72295023174,72295603167,72288623130,72288023152,72287493134"
los angeles,2007-10-06,72.5,53.9,63.3,72.5,53.9,63.3,40.6,46.6,0,0,0,,0,0,,6.9,318,1016.9,0.4,9.9,,,,,2007-10-06T06:50:55,2007-10-06T18:30:47,0.85,Clear,Clear conditions throughout the day.,clear-day,"72288593197,72295023174,72295603167,72288623130,72288023152,72287493134"
los angeles,2007-10-07,82.8,55.6,68.1,80.2,55.6,67.6,33.9,31.9,0,0,0,,0,0,34.4,6.5,282.2,1015.6,1.3,9.9,,,,,2007-10-07T06:51:41,2007-10-07T18:29:27,0.88,Clear,Clear conditions throughout the day.,clear-day,"72288593197,72295023174,72295603167,72288623130,72288023152,72287493134"
los angeles,2007-10-08,85.8,57.9,69.7,82.5,57.9,69,34,32.6,0,0,0,,0,0,,7.8,242.3,1012.2,1,9.8,,,,,2007-10-08T06:52:26,2007-10-08T18:28:08,0.92,Clear,Clear conditions throughout the day.,clear-day,"72288593197,72295023174,72295603167,72288623130,72288023152,72287493134"
los angeles,2007-10-09,75,56.6,64.1,75,56.6,64.1,46.9,55.2,0,0,0,,0,0,,7,230.3,1014.1,0.9,9.9,,,,,2007-10-09T06:53:12,2007-10-09T18:26:49,0.95,Clear,Clear conditions throughout the day.,clear-day,"72288593197,72295023174,72295603167,72288623130,72288023152,72287493134"
los angeles,2007-10-10,71.9,55.1,62.4,71.9,55.1,62.4,50.9,67.6,0,0,0,,0,0,,9.5,223.9,1016.1,6.7,9.6,,,,,2007-10-10T06:53:58,2007-10-10T18:25:30,0,Clear,Clear conditions throughout the day.,clear-day,"72288593197,72295023174,72295603167,72288623130,72288023152,72287493134"
los angeles,2007-10-11,71.3,56.1,63.1,71.3,56.1,63.1,53.5,72,0,0,0,,0,0,,5.9,238.2,1013.1,5,9.2,,,,,2007-10-11T06:54:44,2007-10-11T18:24:13,0.02,Clear,Clear conditions throughout the day.,clear-day,"72288593197,72295023174,72295603167,72288623130,72288023152,72287493134"
los angeles,2007-10-12,69.1,58.9,62.9,69.1,58.9,62.9,52.6,70.4,0.028,100,8.33,rain,0,0,,8.1,238.8,1011.3,55,8.9,,,,,2007-10-12T06:55:31,2007-10-12T18:22:56,0.05,"Rain, Partially cloudy",Clearing in the afternoon with late afternoon rain.,rain,"72288593197,72295023174,72295603167,72288623130,72288023152,72287493134"
los angeles,2007-10-13,68.5,57.8,62.7,68.5,57.8,62.7,55,76.6,0.789,100,20.83,rain,0,0,,8.3,111.5,1011.6,72.8,8.4,,,,,2007-10-13T06:56:18,2007-10-13T18:21:39,0.09,"Rain, Partially cloudy",Partly cloudy throughout the day with early morning rain.,rain,"72288593197,72295023174,72295603167,72288623130,72288023152,72287493134"
los angeles,2007-10-14,69.6,56.2,62.3,69.6,56.2,62.3,54.6,76.8,0,0,0,,0,0,,7.2,230.8,1013.6,27.6,8.6,,,,,2007-10-14T06:57:05,2007-10-14T18:20:23,0.12,Partially cloudy,Partly cloudy throughout the day.,partly-cloudy-day,"72288593197,72295023174,72295603167,72288623130,72288023152,72287493134"
los angeles,2007-10-15,62.8,58.9,60.5,62.8,58.9,60.5,54.4,80.5,0,0,0,,0,0,,2,226.4,1012.7,99.8,5,,,,,2007-10-15T06:57:53,2007-10-15T18:19:08,0.15,Overcast,Cloudy skies throughout the day.,cloudy,"72288593197,72295023174,72295603167,72288623130,72288023152,72287493134"
los angeles,2007-10-16,68.6,57.9,62.3,68.6,57.9,62.3,51.8,69.1,0,0,0,,0,0,,8.2,223.8,1011.2,35.8,8.6,,,,,2007-10-16T06:58:41,2007-10-16T18:17:54,0.19,Partially cloudy,Clearing in the afternoon.,partly-cloudy-day,"72288593197,72295023174,72295603167,72288623130,72288023152,72287493134"
los angeles,2007-10-17,68.5,57.1,62.4,68.5,57.1,62.4,52,69.1,0,0,0,,0,0,,5.9,206.5,1013.8,45.8,9.8,,,,,2007-10-17T06:59:29,2007-10-17T18:16:40,0.22,Partially cloudy,Partly cloudy throughout the day.,partly-cloudy-day,"72288593197,72295023174,72295603167,72288623130,72288023152,72287493134"
los angeles,2007-10-18,77.3,54.7,64.9,77.3,54.7,64.9,50.3,61.8,0,0,0,,0,0,30,4.8,250.2,1014.3,0.6,9.3,,,,,2007-10-18T07:00:18,2007-10-18T18:15:28,0.25,Clear,Clear conditions throughout the day.,clear-day,"72288593197,72295023174,72295603167,72288623130,72288023152,72287493134"
los angeles,2007-10-19,86.7,61.1,71.4,83.7,61.1,70.8,47.1,45.2,0,0,0,,0,0,,6.2,231.1,1012.1,0.8,9.9,,,,,2007-10-19T07:01:07,2007-10-19T18:14:16,0.25,Clear,Clear conditions throughout the day.,clear-day,"72288593197,72295023174,72295603167,72288623130,72288023152,72287493134"
los angeles,2007-10-20,76.7,59.9,67.9,76.7,59.9,67.9,48.4,54.3,0,0,0,,0,0,49.4,11.6,315.9,1010.7,2.1,9.8,,,,,2007-10-20T07:01:57,2007-10-20T18:13:05,0.32,Clear,Clear conditions throughout the day.,clear-day,"72288593197,72295023174,72295603167,72288623130,72288023152,72287493134"
los angeles,2007-10-21,83.4,57.7,70.1,80.6,57.7,69.6,36.9,38,0,0,0,,0,0,43.6,6,325.8,1015,1.3,9.8,,,,,2007-10-21T07:02:47,2007-10-21T18:11:55,0.35,Clear,Clear conditions throughout the day.,clear-day,"72288593197,72295023174,72295603167,72288623130,72288023152,72287493134"
los angeles,2007-10-22,85.5,58.1,71.5,82.2,58.1,70.7,28.5,23.4,0,0,0,,0,0,43.6,4.8,321.6,1021.5,2,9,,,,,2007-10-22T07:03:37,2007-10-22T18:10:46,0.39,Clear,Clear conditions throughout the day.,clear-day,"72288593197,72295023174,72295603167,72288623130,72288023152,72287493134"
los angeles,2007-10-23,91.5,61.4,75.5,87.2,61.4,74.2,35.7,26.1,0,0,0,,0,0,34.4,6.2,316.6,1018.5,6.4,9.7,,,,,2007-10-23T07:04:28,2007-10-23T18:09:38,0.42,Clear,Clear conditions throughout the day.,clear-day,"72288593197,72295023174,72295603167,72288623130,72288023152,72287493134"
los angeles,2007-10-24,94.7,66.4,78.3,90,66.4,76.8,38.1,26.1,0,0,0,,0,0,,5.2,350.8,1016.4,4,9.8,,,,,2007-10-24T07:05:19,2007-10-24T18:08:31,0.45,Clear,Clear conditions throughout the day.,clear-day,"72288593197,72295023174,72295603167,72288623130,72288023152,72287493134"
los angeles,2007-10-25,87.3,64.9,73.3,83.7,64.9,72.6,42.7,35.5,0,0,0,,0,0,,4.5,203.6,1012.3,4,9,,,,,2007-10-25T07:06:11,2007-10-25T18:07:25,0.5,Clear,Clear conditions throughout the day.,clear-day,"72288593197,72295023174,72295603167,72288623130,72288023152,72287493134"
los angeles,2007-10-26,77.5,56.1,65.3,77.5,56.1,65.3,52.4,64.7,0,0,0,,0,0,,5.2,204.8,1012.5,6.2,5.6,,,,,2007-10-26T07:07:03,2007-10-26T18:06:20,0.52,Clear,Clear conditions throughout the day.,clear-day,"72288593197,72295023174,72295603167,72288623130,72288023152,72287493134"
los angeles,2007-10-27,77.3,61.2,66.6,77.3,61.2,66.6,54.4,67.1,0,0,0,,0,0,,4.5,264.4,1018.8,28.4,5.5,,,,,2007-10-27T07:07:55,2007-10-27T18:05:17,0.55,Partially cloudy,Partly cloudy throughout the day.,partly-cloudy-day,"72288593197,72295023174,72295603167,72288623130,72288023152,72287493134"
los angeles,2007-10-28,84.9,62.3,71.7,82.4,62.3,71.3,51.6,52.4,0,0,0,,0,0,,5.6,237.8,1019.5,10,9.4,,,,,2007-10-28T07:08:47,2007-10-28T18:04:14,0.59,Clear,Clear conditions throughout the day.,clear-day,"72288593197,72295023174,72295603167,72288623130,72288023152,72287493134"
los angeles,2007-10-29,79.7,63.4,69,79.7,63.4,69,51.7,55.1,0,0,0,,0,0,,8.2,240.2,1018,5.7,9.7,,,,,2007-10-29T07:09:41,2007-10-29T18:03:13,0.62,Clear,Clear conditions throughout the day.,clear-day,"72288593197,72295023174,72295603167,72288623130,72288023152,72287493134"
los angeles,2007-10-30,70.1,57.7,62.9,70.1,57.7,62.9,52.9,70.7,0,0,0,,0,0,,5.3,209.3,1018.3,3.8,9.3,,,,,2007-10-30T07:10:34,2007-10-30T18:02:13,0.66,Clear,Clear conditions throughout the day.,clear-day,"72288593197,72295023174,72295603167,72288623130,72288023152,72287493134"
los angeles,2007-10-31,72.2,55.9,62.8,72.2,55.9,62.8,53.2,72.1,0,0,0,,0,0,,7.6,246.8,1018.5,1.8,8.7,,,,,2007-10-31T07:11:28,2007-10-31T18:01:14,0.69,Clear,Clear conditions throughout the day.,clear-day,"72288593197,72295023174,72295603167,72288623130,72288023152,72287493134"
los angeles,2007-11-01,67.4,56.7,60.6,67.4,56.7,60.6,53.9,79,0,0,0,,0,0,,5.5,223.8,1017,55.2,5.3,,,,,2007-11-01T07:12:22,2007-11-01T18:00:16,0.75,Partially cloudy,Clearing in the afternoon.,partly-cloudy-day,"72288593197,72295023174,72295603167,72288623130,72288023152,72287493134"
los angeles,2007-11-02,71,59.1,62.7,71,59.1,62.7,53.8,73.5,0,0,0,,0,0,31.1,6.6,230.2,1016.2,53.6,3.4,,,,,2007-11-02T07:13:16,2007-11-02T17:59:20,0.76,Partially cloudy,Clearing in the afternoon.,partly-cloudy-day,"72288593197,72295023174,72295603167,72288623130,72288023152,72287493134"
los angeles,2007-11-03,74.8,56,62.2,74.8,56,62.2,53.7,75.9,0,0,0,,0,0,,4.5,238.5,1017.2,47.8,3.7,,,,,2007-11-03T07:14:11,2007-11-03T17:58:25,0.79,Partially cloudy,Clearing in the afternoon.,partly-cloudy-day,"72288593197,72295023174,72295603167,72288623130,72288023152,72287493134"
los angeles,2007-11-04,67.7,54.6,59.5,67.7,54.6,59.5,53.2,80.5,0,0,0,,0,0,,5.8,223.2,1017.5,42.4,4,,,,,2007-11-04T06:15:06,2007-11-04T16:57:31,0.82,Partially cloudy,Clearing in the afternoon.,partly-cloudy-day,"72288593197,72295023174,72295603167,72288623130,72288023152,72287493134"
los angeles,2007-11-05,63.1,56.5,58.9,63.1,56.5,58.9,52.3,79.2,0,0,0,,0,0,31.1,5.2,222.7,1017,48.5,5,,,,,2007-11-05T06:16:01,2007-11-05T16:56:39,0.86,Partially cloudy,Clearing in the afternoon.,partly-cloudy-day,"72288593197,72295023174,72295603167,72288623130,72288023152,72287493134"
los angeles,2007-11-06,65.7,56.5,59.7,65.7,56.5,59.7,52.2,76.5,0,0,0,,0,0,,8.7,235.6,1015.6,46.5,6.3,,,,,2007-11-06T06:16:57,2007-11-06T16:55:48,0.89,Partially cloudy,Clearing in the afternoon.,partly-cloudy-day,"72288593197,72295023174,72295603167,72288623130,72288023152,72287493134"
los angeles,2007-11-07,64.8,53.1,58.7,64.8,53.1,58.7,52.1,79.2,0,0,0,,0,0,30,6.6,237.8,1017.5,60.3,4.2,,,,,2007-11-07T06:17:52,2007-11-07T16:54:59,0.93,Partially cloudy,Partly cloudy throughout the day.,partly-cloudy-day,"72288593197,72295023174,72295603167,72288623130,72288023152,72287493134"
los angeles,2007-11-08,60.9,57.8,59.2,60.9,57.8,59.2,50.7,73.8,0,0,0,,0,0,,4.4,245.6,1017.9,95.2,6.3,,,,,2007-11-08T06:18:48,2007-11-08T16:54:11,0.96,Overcast,Cloudy skies throughout the day.,cloudy,"72288593197,72295023174,72295603167,72288623130,72288023152,72287493134"
los angeles,2007-11-09,65.6,56.9,60.4,65.6,56.9,60.4,50.7,70.9,0,0,0,,0,0,,6.4,244.3,1017.2,50.2,7.9,,,,,2007-11-09T06:19:45,2007-11-09T16:53:24,0,Partially cloudy,Partly cloudy throughout the day.,partly-cloudy-day,"72288593197,72295023174,72295603167,72288623130,72288023152,72287493134"
los angeles,2007-11-10,66.4,51.3,58.6,66.4,51.3,58.6,48.3,70,0,0,0,,0,0,,4.5,207.8,1015.8,2.4,9.6,,,,,2007-11-10T06:20:41,2007-11-10T16:52:40,0.03,Clear,Clear conditions throughout the day.,clear-day,"72288593197,72295023174,72295603167,72288623130,72288023152,72287493134"
los angeles,2007-11-11,62.5,53.8,58.2,62.5,53.8,58.2,51.3,78.2,0.001,100,4.17,rain,0,0,,5.2,109.3,1014.3,57.4,7.5,,,,,2007-11-11T06:21:38,2007-11-11T16:51:56,0.06,"Rain, Partially cloudy",Partly cloudy throughout the day with afternoon rain.,rain,"72288593197,72295023174,72295603167,72288623130,72288023152,72287493134"
los angeles,2007-11-12,77.4,52.5,63.9,77.4,52.5,63.9,50,64.1,0,0,0,,0,0,30,3.5,329.4,1016.3,6.9,7.1,,,,,2007-11-12T06:22:35,2007-11-12T16:51:15,0.1,Clear,Clear conditions throughout the day.,clear-day,"72288593197,72295023174,72295603167,72288623130,72288023152,72287493134"
los angeles,2007-11-13,85.5,57.8,70.2,82.4,57.8,69.6,41.1,37.8,0,0,0,,0,0,,6.2,250.5,1016,0.8,9.8,,,,,2007-11-13T06:23:31,2007-11-13T16:50:34,0.13,Clear,Clear conditions throughout the day.,clear-day,"72288593197,72295023174,72295603167,72288623130,72288023152,72287493134"
los angeles,2007-11-14,86.4,62.3,72.8,83.1,62.3,72,39.9,32.3,0,0,0,,0,0,30,6.2,294,1013.6,0.9,9.9,,,,,2007-11-14T06:24:28,2007-11-14T16:49:56,0.17,Clear,Clear conditions throughout the day.,clear-day,"72288593197,72295023174,72295603167,72288623130,72288023152,72287493134"
los angeles,2007-11-15,85.9,61.4,71.8,82.6,61.4,71.3,44.2,39.5,0,0,0,,0,0,,6.2,287.8,1013.6,1.2,9.9,,,,,2007-11-15T06:25:25,2007-11-15T16:49:19,0.2,Clear,Clear conditions throughout the day.,clear-day,"72288593197,72295023174,72295603167,72288623130,72288023152,72287493134"
los angeles,2007-11-16,70.4,58.8,62.4,70.4,58.8,62.4,54.6,76.3,0,0,0,,0,0,,5.7,195.3,1016.2,36.7,4.2,,,,,2007-11-16T06:26:22,2007-11-16T16:48:44,0.23,Partially cloudy,Clearing in the afternoon.,partly-cloudy-day,"72288593197,72295023174,72295603167,72288623130,72288023152,72287493134"
los angeles,2007-11-17,68.5,56.5,61.5,68.5,56.5,61.5,52.5,72.9,0,0,0,,0,0,,6.2,211.3,1016.9,21.8,3.8,,,,,2007-11-17T06:27:19,2007-11-17T16:48:11,0.25,Partially cloudy,Partly cloudy throughout the day.,partly-cloudy-day,"72288593197,72295023174,72295603167,72288623130,72288023152,72287493134"
los angeles,2007-11-18,63,55.8,58,63,55.8,58,52.8,83.2,0,0,0,,0,0,,4.4,232.1,1016,76.3,2.2,,,,,2007-11-18T06:28:16,2007-11-18T16:47:39,0.3,Partially cloudy,Partly cloudy throughout the day.,partly-cloudy-day,"72288593197,72295023174,72295603167,72288623130,72288023152,72287493134"
los angeles,2007-11-19,68.2,52.9,58,68.2,52.9,58,51.3,79.6,0.001,100,4.17,rain,0,0,,3.5,246,1015.6,45.1,1.8,,,,,2007-11-19T06:29:13,2007-11-19T16:47:09,0.34,"Rain, Partially cloudy",Clearing in the afternoon with morning rain.,rain,"72288593197,72295023174,72295603167,72288623130,72288023152,72287493134"
los angeles,2007-11-20,65.4,52.1,57.2,65.4,52.1,57.2,51.3,81.3,0,0,0,,0,0,,5.6,160.1,1014.7,26.6,2,,,,,2007-11-20T06:30:10,2007-11-20T16:46:41,0.37,Partially cloudy,Clearing in the afternoon.,partly-cloudy-day,"72288593197,72295023174,72295603167,72288623130,72288023152,72287493134"
los angeles,2007-11-21,69.9,55.5,59.9,69.9,55.5,59.9,49.9,70.8,0,0,0,,0,0,,5.7,167.6,1016.3,11.8,3.1,,,,,2007-11-21T06:31:07,2007-11-21T16:46:15,0.41,Clear,Clear conditions throughout the day.,clear-day,"72288593197,72295023174,72295603167,72288623130,72288023152,72287493134"
los angeles,2007-11-22,64,54.3,58.1,64,54.3,58.1,49.5,73.9,0,0,0,,0,0,,6.7,242.1,1016.9,26,4.5,,,,,2007-11-22T06:32:03,2007-11-22T16:45:50,0.44,Partially cloudy,Clearing in the afternoon.,partly-cloudy-day,"72288593197,72295023174,72295603167,72288623130,72288023152,72287493134"
los angeles,2007-11-23,63.8,51.1,57.3,63.8,51.1,57.3,44,62.9,0,0,0,,0,0,32.5,6.3,277.5,1014.8,10.9,7.3,,,,,2007-11-23T06:33:00,2007-11-23T16:45:28,0.47,Clear,Clear conditions throughout the day.,clear-day,"72288593197,72295023174,72295603167,72288623130,72288023152,72287493134"
los angeles,2007-11-24,74.1,49.7,61.6,74.1,49.7,61.6,27.6,30.8,0,0,0,,0,0,31.1,6,324.6,1014.6,2.9,9.8,,,,,2007-11-24T06:33:55,2007-11-24T16:45:07,0.5,Clear,Clear conditions throughout the day.,clear-day,"72288593197,72295023174,72295603167,72288623130,72288023152,72287493134"
los angeles,2007-11-25,70.1,51.5,60.4,70.1,51.5,60.4,31.4,36.5,0,0,0,,0,0,,5.2,110.5,1016.7,7.6,9.9,,,,,2007-11-25T06:34:51,2007-11-25T16:44:48,0.54,Clear,Clear conditions throughout the day.,clear-day,"72288593197,72295023174,72295603167,72288623130,72288023152,72287493134"
los angeles,2007-11-26,73.9,50.7,61,73.9,50.7,61,29.1,32.9,0,0,0,,0,0,,4.5,259.7,1019.2,3.6,9.8,,,,,2007-11-26T06:35:46,2007-11-26T16:44:30,0.57,Clear,Clear conditions throughout the day.,clear-day,"72288593197,72295023174,72295603167,72288623130,72288023152,72287493134"
los angeles,2007-11-27,71.3,51.1,60.1,71.3,51.1,60.1,32.1,37.9,0,0,0,,0,0,,1.6,219.1,1018.2,6.9,9.7,,,,,2007-11-27T06:36:41,2007-11-27T16:44:15,0.61,Clear,Clear conditions throughout the day.,clear-day,"72288593197,72295023174,72295603167,72288623130,72288023152,72287493134"
los angeles,2007-11-28,76,51.9,63.1,76,51.9,63.1,27.7,31.7,0,0,0,,0,0,32.2,4.4,8.9,1019.3,6.6,9.8,,,,,2007-11-28T06:37:36,2007-11-28T16:44:02,0.64,Clear,Clear conditions throughout the day.,clear-day,"72288593197,72295023174,72295603167,72288623130,72288023152,72287493134"
los angeles,2007-11-29,73.6,52.5,63,73.6,52.5,63,24.6,24.6,0,0,0,,0,0,,3.7,5.7,1017.2,7.4,9.9,,,,,2007-11-29T06:38:30,2007-11-29T16:43:50,0.67,Clear,Clear conditions throughout the day.,clear-day,"72288593197,72295023174,72295603167,72288623130,72288023152,72287493134"
los angeles,2007-11-30,62.2,52.4,56.9,62.2,52.4,56.9,45.8,70.1,0.55,100,50,rain,0,0,,4.9,329.5,1007.5,94.7,7.7,,,,,2007-11-30T06:39:23,2007-11-30T16:43:40,0.71,"Rain, Overcast",Cloudy skies throughout the day with rain.,rain,"72288593197,72295023174,72295603167,72288623130,72288023152,72287493134"
los angeles,2007-12-01,59.6,48.5,53.6,59.6,48.5,53.6,40.7,63,0,0,0,,0,0,31.5,14,252.3,1012.5,13.5,9.3,,,,,2007-12-01T06:40:16,2007-12-01T16:43:33,0.75,Clear,Clear conditions throughout the day.,clear-day,"72288593197,72295023174,72295603167,72288623130,72288023152,72287493134"
los angeles,2007-12-02,61,43.3,52.2,61,43.3,52.2,38.6,61.7,0,0,0,,0,0,,5.7,278.2,1027.5,2.4,9.9,,,,,2007-12-02T06:41:08,2007-12-02T16:43:27,0.77,Clear,Clear conditions throughout the day.,clear-day,"72288593197,72295023174,72295603167,72288623130,72288023152,72287493134"
los angeles,2007-12-03,73.7,48.2,58.4,73.7,48.2,58.4,36.7,47.3,0,0,0,,0,0,,4.8,317.3,1027.6,0.3,9.9,,,,,2007-12-03T06:42:00,2007-12-03T16:43:23,0.8,Clear,Clear conditions throughout the day.,clear-day,"72288593197,72295023174,72295603167,72288623130,72288023152,72287493134"
los angeles,2007-12-04,80.8,48.3,62.2,78.9,48.3,62,38.1,44.8,0,0,0,,0,0,33.3,4.3,301.5,1019.4,0.4,9.8,,,,,2007-12-04T06:42:51,2007-12-04T16:43:21,0.84,Clear,Clear conditions throughout the day.,clear-day,"72288593197,72295023174,72295603167,72288623130,72288023152,72287493134"
los angeles,2007-12-05,75.9,52.2,62.9,75.9,52.2,62.9,45.1,55.7,0,0,0,,0,0,,5,117.3,1012.2,5,8.7,,,,,2007-12-05T06:43:41,2007-12-05T16:43:21,0.87,Clear,Clear conditions throughout the day.,clear-day,"72288593197,72295023174,72295603167,72288623130,72288023152,72287493134"
los angeles,2007-12-06,63.8,55.8,59.9,63.8,55.8,59.9,51.7,74.9,0.003,100,8.33,rain,0,0,,6.6,139.3,1014.1,87.9,8.2,,,,,2007-12-06T06:44:30,2007-12-06T16:43:22,0.9,"Rain, Partially cloudy",Partly cloudy throughout the day with late afternoon rain.,rain,"72288593197,72295023174,72295603167,72288623130,72288023152,72287493134"
los angeles,2007-12-07,59.8,52,56.1,59.8,52,56.1,47.8,74.2,0.357,100,33.33,rain,0,0,36.1,10.8,251.6,1013.8,88.6,7.9,,,,,2007-12-07T06:45:18,2007-12-07T16:43:26,0.94,"Rain, Partially cloudy",Partly cloudy throughout the day with a chance of rain throughout the day.,rain,"72288593197,72295023174,72295603167,72288623130,72288023152,72287493134"
los angeles,2007-12-08,57.7,46.3,51.8,57.7,46.3,51.7,40.5,66.2,0.005,100,8.33,rain,0,0,30,8.2,225.6,1014.6,35.3,9.9,,,,,2007-12-08T06:46:06,2007-12-08T16:43:32,0.97,"Rain, Partially cloudy",Partly cloudy throughout the day with late afternoon rain.,rain,"72288593197,72295023174,72295603167,72288623130,72288023152,72287493134"
los angeles,2007-12-09,63.6,46.3,54,63.6,46.3,53.9,35.4,52.2,0.004,100,12.5,rain,0,0,36.9,5.4,334.9,1016.1,18.5,9.9,,,,,2007-12-09T06:46:52,2007-12-09T16:43:39,0,Rain,Clear conditions throughout the day with early morning rain.,rain,"72288593197,72295023174,72295603167,72288623130,72288023152,72287493134"
los angeles,2007-12-10,63.8,43.8,53.2,63.8,43.8,53.2,32.3,47.6,0,0,0,,0,0,,6.4,307.9,1012.1,1.2,9.9,,,,,2007-12-10T06:47:38,2007-12-10T16:43:48,0.04,Clear,Clear conditions throughout the day.,clear-day,"72288593197,72295023174,72295603167,72288623130,72288023152,72287493134"
los angeles,2007-12-11,63.2,48.9,54.6,63.2,47.3,54.3,31.5,44.1,0,0,0,,0,0,,5.7,47.7,1017.5,17.8,9.9,,,,,2007-12-11T06:48:22,2007-12-11T16:43:59,0.07,Clear,Clear conditions throughout the day.,clear-day,"72288593197,72295023174,72295603167,72288623130,72288023152,72287493134"
los angeles,2007-12-12,63.8,43.7,52.6,63.8,43.7,52.6,27.3,39.7,0,0,0,,0,0,,4.6,281.8,1024.5,5,9.9,,,,,2007-12-12T06:49:06,2007-12-12T16:44:12,0.11,Clear,Clear conditions throughout the day.,clear-day,"72288593197,72295023174,72295603167,72288623130,72288023152,72287493134"
los angeles,2007-12-13,64,44.9,53.2,64,44.9,53.2,28.9,41.3,0,0,0,,0,0,,5.9,301.7,1020.1,2,9.8,,,,,2007-12-13T06:49:48,2007-12-13T16:44:27,0.14,Clear,Clear conditions throughout the day.,clear-day,"72288593197,72295023174,72295603167,72288623130,72288023152,72287493134"
los angeles,2007-12-14,62.4,43.1,51.9,62.4,43.1,51.9,37.7,59.7,0,0,0,,0,0,,5.1,244,1022.4,2.4,8.8,,,,,2007-12-14T06:50:29,2007-12-14T16:44:44,0.18,Clear,Clear conditions throughout the day.,clear-day,"72288593197,72295023174,72295603167,72288623130,72288023152,72287493134"
los angeles,2007-12-15,67,45.7,54.5,67,45.7,54.5,32.8,47.7,0,0,0,,0,0,,5,273.8,1023.2,0.4,9.6,,,,,2007-12-15T06:51:09,2007-12-15T16:45:02,0.21,Clear,Clear conditions throughout the day.,clear-day,"72288593197,72295023174,72295603167,72288623130,72288023152,72287493134"
los angeles,2007-12-16,67,45.1,55,67,45.1,55,33.5,47.2,0,0,0,,0,0,36.9,7.4,257.5,1017.9,3,9.8,,,,,2007-12-16T06:51:47,2007-12-16T16:45:22,0.25,Clear,Clear conditions throughout the day.,clear-day,"72288593197,72295023174,72295603167,72288623130,72288023152,72287493134"
los angeles,2007-12-17,61.3,46.5,53.9,61.3,46.5,53.9,43.4,68.5,0.01,100,8.33,rain,0,0,,5.7,194.8,1019.5,51.2,9.1,,,,,2007-12-17T06:52:24,2007-12-17T16:45:44,0.25,"Rain, Partially cloudy",Partly cloudy throughout the day with late afternoon rain.,rain,"72288593197,72295023174,72295603167,72288623130,72288023152,72287493134"
los angeles,2007-12-18,57.9,53.8,55.4,57.9,53.8,55.4,51.6,87.3,0.738,100,79.17,rain,0,0,,5.9,117.6,1021.3,99.7,4.7,,,,,2007-12-18T06:53:00,2007-12-18T16:46:08,0.32,"Rain, Overcast",Cloudy skies throughout the day with a chance of rain throughout the day.,rain,"72288593197,72295023174,72295603167,72288623130,72288023152,72287493134"
los angeles,2007-12-19,62.3,54.1,57.2,62.3,54.1,57.2,52.9,85.8,0.391,100,54.17,rain,0,0,,6.1,122.1,1022.4,97.1,6.9,,,,,2007-12-19T06:53:34,2007-12-19T16:46:33,0.35,"Rain, Overcast",Cloudy skies throughout the day with a chance of rain throughout the day.,rain,"72288593197,72295023174,72295603167,72288623130,72288023152,72287493134"
los angeles,2007-12-20,59.7,52.3,55.2,59.7,52.3,55.2,48.1,78.2,0.064,100,25,rain,0,0,43.6,10.2,277.2,1020.4,84,8.5,,,,,2007-12-20T06:54:07,2007-12-20T16:47:00,0.39,"Rain, Partially cloudy",Partly cloudy throughout the day with rain.,rain,"72288593197,72295023174,72295603167,72288623130,72288023152,72287493134"
los angeles,2007-12-21,62.7,47.7,55,62.7,47.7,55,23.9,32,0.001,100,4.17,rain,0,0,35.6,12.6,343.2,1019.8,2.3,9.9,,,,,2007-12-21T06:54:39,2007-12-21T16:47:29,0.42,Rain,Clear conditions throughout the day with early morning rain.,rain,"72288593197,72295023174,72295603167,72288623130,72288023152,72287493134"
los angeles,2007-12-22,63.6,40.2,51.5,63.6,40.2,51.5,25.9,40.4,0,0,0,,0,0,,5.1,328.8,1026.6,2.1,9.9,,,,,2007-12-22T06:55:09,2007-12-22T16:47:59,0.46,Clear,Clear conditions throughout the day.,clear-day,"72288593197,72295023174,72295603167,72288623130,72288023152,72287493134"
los angeles,2007-12-23,73,48.8,58.7,73,48.8,58.7,23.9,27.6,0,0,0,,0,0,34.4,4.3,350.5,1023.5,3.4,9.9,,,,,2007-12-23T06:55:37,2007-12-23T16:48:31,0.5,Clear,Clear conditions throughout the day.,clear-day,"72288593197,72295023174,72295603167,72288623130,72288023152,72287493134"
los angeles,2007-12-24,73.5,50.5,61.6,73.5,50.5,61.6,32.7,35.7,0,0,0,,0,0,41.4,10.3,294.7,1019,1.7,9.9,,,,,2007-12-24T06:56:04,2007-12-24T16:49:04,0.53,Clear,Clear conditions throughout the day.,clear-day,"72288593197,72295023174,72295603167,72288623130,72288023152,72287493134"
los angeles,2007-12-25,67.9,50.4,58.2,67.9,50.4,58.2,19.9,24.8,0,0,0,,0,0,39.1,6.4,331.4,1021,0.3,9.9,,,,,2007-12-25T06:56:29,2007-12-25T16:49:39,0.56,Clear,Clear conditions throughout the day.,clear-day,"72288593197,72295023174,72295603167,72288623130,72288023152,72287493134"
los angeles,2007-12-26,60,43.1,51.8,60,43.1,51.7,20.8,29.9,0,0,0,,0,0,41.8,10.3,332,1018.3,1.5,9.9,,,,,2007-12-26T06:56:53,2007-12-26T16:50:15,0.59,Clear,Clear conditions throughout the day.,clear-day,"72288593197,72295023174,72295603167,72288623130,72288023152,72287493134"
los angeles,2007-12-27,56.9,45,50.4,56.9,40.3,49.2,13.2,23.3,0,0,0,,0,0,34.6,10.6,331.7,1020.9,3.1,9.9,,,,,2007-12-27T06:57:15,2007-12-27T16:50:53,0.62,Clear,Clear conditions throughout the day.,clear-day,"72288593197,72295023174,72295603167,72288623130,72288023152,72287493134"
los angeles,2007-12-28,55.8,44,50.5,55.8,44,50.5,26.5,42.1,0,0,0,,0,0,,4.4,189.1,1022.1,70.5,9.9,,,,,2007-12-28T06:57:35,2007-12-28T16:51:32,0.65,Partially cloudy,Partly cloudy throughout the day.,partly-cloudy-day,"72288593197,72295023174,72295603167,72288623130,72288023152,72287493134"
los angeles,2007-12-29,58.6,48.2,52.7,58.6,48.2,52.7,42.7,69.4,0,0,0,,0,0,,5.1,217.4,1021.2,40.8,9,,,,,2007-12-29T06:57:54,2007-12-29T16:52:12,0.69,Partially cloudy,Partly cloudy throughout the day.,partly-cloudy-day,"72288593197,72295023174,72295603167,72288623130,72288023152,72287493134"
los angeles,2007-12-30,60.5,43.1,50.8,60.5,43.1,50.8,43.3,76.4,0,0,0,,0,0,31.1,5.4,239.6,1021.1,2.1,4.8,,,,,2007-12-30T06:58:11,2007-12-30T16:52:54,0.75,Clear,Clear conditions throughout the day.,clear-day,"72288593197,72295023174,72295603167,72288623130,72288023152,72287493134"
los angeles,2007-12-31,74.1,43.9,57.2,74.1,43.9,57.2,34.8,49.9,0.001,100,4.17,rain,0,0,32.2,4.9,27.7,1019.8,0.5,7.4,,,,,2007-12-31T06:58:26,2007-12-31T16:53:37,0.75,Rain,Clear conditions throughout the day with morning rain.,rain,"72288593197,72295023174,72295603167,72288623130,72288023152,72287493134"
